-0.91109,-0.78858,0.36743,-0.15133,0.068275,0.18122,-0.50663,0.33809,-0.90252,0.82329,0.90821,0.66369,0.23963,-0.11092,0.27177,-0.25284,-0.51643,0.7127,0.96399,-0.89503,0.83095,-0.3067,0.53612,0.045856,-0.58017,0.28112,0.25391,-0.14588,-0.31665,-0.75171,0.90079,-0.24242,-0.68459,-0.7306,-0.82264,0.2772,0.11501,-0.68908,0.19963,0.18214,-0.71507,-0.93889,0.0826,0.19588,-0.23257,0.66873,-0.43039,0.77381,-0.46627,0.88101,0.12963,-0.46738,0.80308,-0.36581,0.40241,0.66495,-0.49444,-0.15503,-0.56464,-0.54985,-0.56077,-0.51195,0.57964,0.96575
0.50987,-0.71592,-0.73583,-0.14129,0.77072,0.32088,0.56885,0.00042265,0.10546,0.27855,0.085626,0.62059,-0.47875,-0.8292,0.59674,-0.55661,0.30092,0.79955,0.027126,0.60234,0.79119,-0.33076,-0.53382,-0.17352,-0.20181,0.31755,-0.63882,0.91074,0.097341,-0.99442,-0.96726,-0.46366,0.20096,-0.098965,-0.4983,0.18415,-0.40043,0.0047349,0.68524,-0.108,0.72481,-0.13003,0.73794,-0.95397,-0.93886,-0.96221,0.32664,0.8101,0.78036,-0.81494,-0.90171,-0.65825,-0.20792,-0.46813,0.60933,-0.64975,-0.55981,-0.89219,-0.98296,-0.43162,0.036447,-0.12876,-0.79544,0.98402
-0.51443,-0.66708,0.44545,-0.75025,0.79801,-0.90489,0.76568,-0.56401,-0.45038,-0.48926,0.080212,0.114,-0.10869,-0.88532,0.0034021,-0.56201,0.71475,-0.56427,0.98518,0.35714,-0.034987,0.14923,0.17472,-0.56442,0.77577,0.35066,0.14661,0.44849,-0.078905,-0.69409,-0.77066,-0.69416,0.8749,0.14455,-0.10488,-0.34942,-0.68185,0.13547,-0.9376,0.85324,-0.44793,0.11573,0.11409,0.79885,0.71513,-0.59576,0.20452,-0.0032221,-0.2678,-0.33204,0.74456,0.12061,0.38553,-0.079104,0.70397,0.75968,-0.52839,0.57407,-0.39875,0.82753,-0.29399,0.65711,0.53589,0.79231
-0.1152,0.24192,-0.77929,-0.95113,0.25188,-0.30243,0.82742,0.14323,-0.517,-0.82267,-0.37778,-0.47407,0.688,0.2589,0.30162,0.044465,-0.83126,-0.84604,-0.088313,0.89202,-0.11452,0.72788,-0.082052,0.71711,-0.48694,0.48912,-0.67287,0.16178,0.2909,0.068322,-0.97518,0.262,-0.78448,0.58405,0.27592,0.9779,0.33051,-0.62346,-0.62546,-0.81021,0.063383,0.27756,-0.9572,-0.094108,0.20709,-0.061814,0.31293,0.058454,-0.69997,0.3021,0.72005,-0.59582,-0.59103,0.24632,-0.76456,-0.44073,0.62026,0.26015,-0.45106,-0.5418,0.71895,-0.69459,0.32411,0.48316
0.37559,0.14742,-0.76501,-0.41963,-0.72426,-0.097319,0.11657,-0.75562,-0.51371,0.67651,-0.85753,0.36113,-0.60759,0.59236,0.59191,-0.13315,0.94418,-0.05157,-0.14792,-0.81688,-0.37649,-0.60287,0.72196,0.72202,0.9336,0.68436,0.8121,0.080516,0.027042,0.021267,-0.56755,-0.36725,0.79996,-0.16053,0.41889,-0.75353,0.36841,-0.35161,0.88719,-0.24916,0.044443,-0.93157,-0.034639,-0.88395,0.69568,-0.24321,-0.38013,0.8194,0.89266,0.0078216,-0.32348,-0.015262,-0.87429,0.60371,0.31453,0.69895,0.40482,0.017639,0.1729,-0.50276,-0.47996,0.51591,0.5462,0.32947
-0.28154,-0.89584,0.28144,-0.36496,-0.5644,-0.51819,0.19774,0.34233,-0.69168,0.16944,-0.63604,-0.53269,-0.3923,0.38238,-0.53325,0.48261,-0.93708,0.67005,-0.57357,0.81688,-0.88937,0.3449,0.32167,-0.43212,0.23831,0.033314,-0.84531,0.41088,0.62885,-0.22957,-0.97714,0.91822,0.10093,0.065073,0.98524,0.47175,0.58482,0.43207,0.89584,0.091998,0.13524,0.4198,0.61597,-0.78746,0.0092325,-0.31921,-0.33671,0.1572,0.30167,0.06185,0.94806,0.45873,0.24477,0.12233,0.5059,0.61343,0.75701,0.13537,-0.20689,0.35258,0.68744,0.75302,0.86396,0.46673
0.47268,0.8624,-0.34237,0.30738,-0.63572,0.43009,-0.70225,0.19917,0.91283,0.89622,-0.81402,-0.087149,-0.033411,-0.30938,0.20168,-0.8591,0.67081,-0.061213,-0.6135,0.019906,0.50758,0.80366,-0.29224,0.23079,-0.66931,-0.69626,-0.32293,-0.98994,-0.80563,-0.37881,0.2849,-0.002652,-0.14529,0.85141,0.86439,-0.68677,-0.30275,0.10586,-0.094031,-0.77664,-0.33393,-0.66135,0.47202,0.99685,-0.98418,-0.8723,-0.62361,0.55157,0.96443,-0.24175,0.90955,0.90999,0.37604,-0.95039,0.40426,-0.62175,0.42202,-0.38162,-0.62719,0.29698,0.1656,0.0042472,-0.64623,-0.12817
-0.21059,0.45732,0.30762,0.91387,-0.91636,0.71236,0.79943,-0.88805,0.87132,-0.87794,-0.073022,-0.23087,-0.32438,0.89363,-0.77508,0.69467,0.67143,-0.17246,0.66551,0.22981,-0.73611,-0.60169,-0.30563,0.55898,0.6524,-0.23867,0.16124,0.56503,-0.072573,-0.99289,0.033982,0.47722,-0.69524,0.79816,-0.81554,-0.13071,-0.49985,-0.71544,0.62167,0.80893,-0.17317,0.18676,0.14461,0.73265,0.83815,0.52267,-0.79863,0.32279,-0.61233,0.53781,0.97724,0.52474,-0.40643,0.58708,0.21024,0.95712,0.32216,0.49427,-0.21437,0.40735,0.43881,0.14053,-0.95916,-0.20074
0.36683,0.47568,0.49826,0.87146,-0.78612,-0.43698,-0.099213,-0.88731,0.63743,0.16928,-0.98133,0.077203,0.59697,0.040381,0.031531,0.35976,-0.90028,0.0054925,0.45327,-0.36786,-0.28816,-0.40343,-0.49256,0.90969,0.31139,0.64204,-0.04953,0.85372,0.17963,0.63048,-0.50892,-0.97449,-0.50491,0.089667,0.90708,0.66449,-0.30999,-0.23927,0.85776,0.26655,-0.1713,0.21613,-0.98203,0.23041,-0.17859,-0.19468,-0.42687,-0.060686,0.65749,-0.43498,-0.68456,-0.83986,0.14312,-0.45382,-0.92347,-0.49254,-0.12085,-0.32668,-0.69081,0.67421,-0.31295,0.70296,0.66728,-0.56422
0.40809,-0.87319,0.16637,-0.084227,0.23289,0.4621,-0.58866,-0.695,0.45652,-0.42978,0.83005,0.98341,0.97498,0.90763,0.67568,-0.7267,0.091772,-0.74912,0.059491,-0.84503,-0.20826,-0.0069595,0.90506,0.83921,0.092905,-0.65727,0.61064,-0.98341,-0.62566,0.27684,-0.61251,0.21071,-0.10526,0.80225,-0.67441,-0.28018,-0.34273,-0.20686,0.34543,0.81082,0.96784,0.54472,0.43656,-0.94611,0.46473,0.34858,-0.29035,-0.56046,-0.012396,0.29855,-0.99416,0.87649,-0.36755,0.64582,-0.6097,0.55709,0.12559,0.76671,0.66461,0.45459,-0.98145,0.96929,-0.053613,0.76326
-0.11539,0.72088,0.48006,-0.51904,0.87932,-0.72447,0.7993,-0.96076,-0.64838,0.65546,0.28548,0.51044,-0.6819,-0.85281,0.84158,0.7168,0.88634,-0.73543,0.65816,0.70123,0.77104,0.77981,-0.4036,-0.23037,-0.49734,-0.34005,0.061556,0.64926,0.22266,-0.10332,-0.81826,0.1529,0.065567,-0.89635,0.94091,-0.84752,0.85497,0.15348,-0.25534,0.26111,-0.88452,-0.88745,-0.10115,-0.35495,-0.69779,0.10215,0.071523,0.20518,0.18156,0.84437,-0.50364,0.94895,0.619,0.37711,-0.33864,0.62157,0.98062,-0.33269,-0.7005,-0.96113,-0.61511,0.58043,-0.78271,0.88414
-0.96084,0.86881,-0.53035,0.5278,-0.29109,0.67345,0.52517,-0.12965,-0.27926,-0.61803,-0.99716,0.96091,-0.52624,-0.58594,-0.0035441,-0.60033,-0.35705,0.74095,0.023749,-0.71095,-0.95752,0.0028292,-0.68319,-0.67471,-0.91969,0.93294,-0.54538,0.53467,-0.89612,-0.51183,-0.26312,0.61476,-0.2907,0.61721,0.19401,0.11385,0.51214,-0.9612,-0.18861,-0.97154,-0.20691,0.70945,0.31923,-0.072448,0.63047,-0.89709,0.98167,-0.63148,-0.91022,-0.33866,-0.30742,0.21422,-0.269,0.2078,0.28567,-0.0040941,0.91463,0.59203,0.35909,0.16749,0.014776,-0.29863,-0.82189,0.89791
-0.33828,0.9688,0.46992,0.51865,-0.17874,-0.7228,0.76497,0.66444,-0.62242,-0.11494,-0.93923,-0.53043,0.40447,0.55006,-0.44478,0.21468,0.61293,0.2059,0.10392,-0.25903,0.68816,-0.44601,-0.27741,0.5935,-0.53325,0.61259,0.41897,0.99427,0.15145,0.60677,-0.98441,0.30994,0.54623,-0.33019,-0.51955,-0.45214,-0.42352,0.15516,-0.12235,-0.36704,0.58264,-0.23143,0.50642,-0.80197,0.81921,-0.38501,-0.94364,-0.60498,0.12892,0.62688,-0.53332,0.91499,0.39758,-0.2261,-0.56519,0.83145,-0.32636,0.60957,0.50018,0.84175,-0.95152,0.0038097,-0.76974,-0.78711
-0.15138,0.71788,0.9412,0.4813,0.9687,0.17642,-0.4301,0.23478,-0.9976,-0.21318,-0.58306,0.057118,-0.24906,0.82838,0.30504,0.08609,0.2028,-0.4694,-0.57343,0.24478,-0.42386,0.067916,0.48326,-0.77237,-0.27777,-0.55562,-0.70273,-0.54469,0.68469,0.64794,0.2054,0.75646,0.76336,-0.54263,-0.85941,-0.73589,0.21236,0.86439,0.3573,-0.77626,0.18837,-0.20076,0.60948,0.14198,0.55588,0.93089,0.41906,0.72398,0.26709,0.57527,0.51178,-0.3387,0.26685,-0.86893,-0.84618,-0.79803,-0.68909,-0.89952,-0.97022,-0.81664,0.10008,-0.48958,-0.66405,-0.88405
-0.45946,0.57112,0.73386,0.48738,0.89116,-0.26769,0.34645,0.040259,-0.36716,0.65315,-0.090068,-0.89713,0.94741,0.5651,0.8346,-0.67535,0.57924,0.72961,0.17564,0.9951,-0.49931,0.1485,0.4118,-0.68235,0.26691,0.99955,0.31623,0.83908,-0.00054805,0.70438,-0.042291,0.80475,0.46818,0.6448,-0.39992,0.39931,0.53206,-0.78625,-0.069859,0.25893,-0.38087,-0.34917,-0.94169,-0.34825,0.51425,0.86295,0.81031,-0.7487,-0.0038005,-0.75136,-0.54814,0.80243,0.92916,0.99719,0.96118,-0.72835,-0.16584,-0.19499,-0.71551,0.10912,-0.44763,0.019743,0.94502,-0.67255
-0.60589,0.026755,-0.82753,-0.78816,0.35329,0.61352,0.32856,0.72774,0.39923,0.35374,-0.74547,0.51375,0.94461,-0.40893,0.019679,-0.98869,0.59837,-0.88378,-0.71447,0.034688,-0.023241,-0.17439,0.40178,-0.28834,0.9722,-0.87252,0.26797,0.284,-0.12195,-0.065496,-0.38376,-0.69553,-0.18714,-0.30353,0.62709,-0.02819,0.6923,0.4643,0.90653,-0.87858,0.80361,0.11078,0.55963,-0.099015,-0.1896,-0.24395,0.73166,0.29116,-0.88075,-0.68522,-0.10311,-0.99927,-0.59841,0.32209,-0.58648,0.71663,0.10895,0.93038,-0.93869,0.86161,0.39248,-0.84276,-0.42799,0.054948
0.64344,-0.6448,-0.26713,0.36312,0.9766,0.0075616,-0.75437,-0.8046,0.25051,-0.58479,-0.9827,0.20396,0.2874,-0.69631,0.94838,0.54297,-0.90087,-0.084492,-0.89555,0.98102,0.45807,-0.97047,-0.98755,0.69552,-0.58569,-0.14903,-0.54139,-0.78936,-0.70189,0.9414,0.48889,-0.61484,0.20836,-0.66906,-0.84658,-0.63457,0.80396,0.94105,-0.2906,0.34799,-0.81375,-0.40916,0.1347,0.15569,0.4038,0.23534,-0.76166,-0.12536,0.030326,-0.17,-0.48111,-0.03344,0.19636,-0.54166,0.96651,-0.96271,-0.9405,-0.17125,0.61739,-0.60109,0.76271,-0.8882,0.19805,-0.8605
-0.14016,-0.20282,-0.2616,-0.073479,0.53366,-0.020811,-0.18536,0.8161,0.086124,-0.36379,0.45416,0.71434,0.7202,0.69582,-0.60544,0.52958,-0.4336,0.44442,0.36662,-0.54693,-0.59477,0.40553,-0.25131,0.16556,0.51417,-0.19132,-0.63554,-0.46368,-0.94344,0.68249,0.6787,0.58195,0.28221,-0.94373,-0.29105,-0.79757,0.19141,0.21777,-0.32196,-0.045122,-0.36195,-0.26776,-0.84777,-0.85031,0.13092,0.12507,0.91055,0.22521,-0.89361,0.37467,-0.30841,-0.70505,-0.83259,-0.81549,0.22074,0.45666,0.73341,-0.33895,-0.90571,0.050639,-0.95064,0.26998,0.70442,-0.97971
0.77554,-0.73214,0.37006,-0.57567,-0.3266,0.7541,-0.44943,-0.78397,-0.12193,-0.73238,-0.29177,0.97655,-0.19623,0.56971,-0.77763,-0.15786,0.30691,-0.322,0.21712,-0.20399,-0.56745,0.013494,0.80299,0.17236,0.77266,-0.19941,-0.66729,0.52769,0.51334,-0.8429,-0.47514,-0.87859,-0.74507,0.91074,-0.73598,-0.59683,-0.86293,0.43933,0.79172,-0.38891,0.77392,-0.3019,-0.49676,-0.88531,0.16947,0.66112,-0.1182,0.47496,0.68726,0.31541,0.80591,-0.37002,0.088829,-0.51804,-0.50404,0.63332,0.78883,0.27274,0.33236,-0.74652,-0.31759,0.23381,-0.51043,-0.81664
-0.21763,-0.93822,0.19588,-0.80296,0.32476,-0.29372,0.43334,0.033994,-0.42515,0.34293,0.56089,0.85897,0.26386,-0.45834,-0.40529,-0.88637,-0.020689,-0.19756,-0.56069,0.39314,0.95267,-0.23747,-0.36331,0.85168,-0.05554,-0.77615,-0.70079,0.61102,0.59221,-0.5248,0.028476,-0.22035,-0.007616,0.36058,-0.68364,-0.73051,-0.56391,-0.3945,0.090869,0.032666,0.31486,0.26045,-0.73309,-0.39809,-0.31017,0.9154,0.75152,-0.39344,0.18935,0.35995,-0.9746,-0.65725,0.6923,0.80514,0.035916,-0.76756,-0.0056192,0.71605,-0.087935,0.49745,-0.15719,-0.83705,0.45434,0.21487
0.53823,0.87828,0.57873,0.64715,-0.51167,-0.10111,-0.43323,-0.71369,0.0033182,0.14198,-0.12669,-0.18097,0.97047,-0.54438,-0.20716,0.17149,0.9457,0.05396,-0.18744,-0.87072,0.18647,-0.87014,0.19417,0.15016,-0.68217,-0.15138,-0.59451,-0.79149,-0.41289,0.63514,-0.10645,-0.40007,-0.37906,0.72112,-0.87571,-0.35242,0.73882,-0.081955,0.49857,0.41406,0.36903,0.32888,0.12895,0.043442,0.40847,-0.84899,0.7299,-0.91406,0.38204,-0.98123,-0.73555,0.18581,-0.9186,-0.5653,0.42566,-0.022887,-0.58143,0.57657,0.60599,-0.37066,-0.83998,0.21904,-0.19842,-0.88783
-0.20642,-0.39739,-0.26469,-0.64998,-0.40899,0.92706,0.7924,0.11874,0.52309,-0.66047,-0.12689,-0.99932,0.11895,-0.35795,-0.15849,-0.65169,0.49698,0.78847,0.25982,0.49532,-0.39119,-0.28284,-0.40441,-0.98005,0.62184,0.22709,0.90992,-0.060482,-0.76959,-0.18834,-0.31758,0.46836,0.15715,0.87819,0.40369,0.90109,-0.17156,-0.90394,-0.75025,0.62722,-0.052103,0.98419,0.081963,0.12376,-0.67827,0.77605,-0.2897,0.67102,0.29445,-0.74278,-0.22387,0.31522,-0.34128,-0.040954,-0.48026,-0.3051,0.44319,0.076819,-0.28312,-0.62565,-0.84129,0.089341,-0.3788,0.3162
0.61703,-0.40893,-0.58794,-0.67286,0.36036,-0.9154,0.65316,-0.99084,0.52482,-0.70469,-0.90157,0.081757,0.86718,0.65912,-0.37705,0.45722,0.13568,0.55672,0.11062,-0.1592,0.93541,-0.5315,-0.74997,0.61875,-0.046984,0.97612,-0.96818,-0.56188,-0.24982,-0.067376,0.67828,-0.79158,0.88722,0.36039,-0.82704,0.064261,0.32242,-0.2293,-0.09353,-0.36838,-0.71751,0.88872,-0.86216,-0.51689,-0.99697,0.12489,0.26229,-0.26138,0.24688,0.52781,0.68124,-0.30207,0.4187,0.81846,-0.77063,0.54778,0.39943,0.48334,-0.94933,0.96079,-0.85525,0.71184,0.3076,0.15164
0.51015,-0.33413,-0.82667,0.33197,0.055694,0.94592,-0.21995,0.53336,0.15211,-0.047841,-0.90074,-0.58454,0.44069,0.64436,0.38769,0.068582,-0.40207,-0.86126,-0.74484,0.62263,0.79194,-0.59299,-0.22329,0.21762,-0.76742,-0.5602,0.91503,0.84542,0.65779,0.90307,0.96499,0.58515,-0.14612,0.83485,0.23357,-0.50463,0.56697,-0.27657,-0.8505,-0.3774,0.90185,-0.2993,0.97686,0.82544,0.124,-0.61129,0.7291,0.32268,0.90772,0.68383,-0.57347,-0.89261,0.72062,-0.61244,0.099339,-0.42943,-0.078506,0.47944,-0.56282,0.42565,0.80068,0.28538,-0.21635,-0.85233
-0.24521,-0.065864,0.54387,0.78878,-0.17681,-0.62159,-0.0041941,0.69742,0.49533,0.8162,-0.8178,-0.56143,-0.031923,0.14137,-0.81626,-0.49387,-0.48778,-0.44243,-0.6616,-0.24079,-0.61995,0.62756,0.63538,-0.040173,0.75144,-0.29184,-0.94862,-0.35935,0.68355,0.93001,0.25293,0.56546,-0.93374,-0.48662,-0.65246,-0.12545,-0.50423,-0.42483,0.32668,-0.31005,0.76525,-0.614,-0.49781,0.65147,0.092968,-0.55709,-0.95802,0.79144,-0.64611,0.4939,0.87047,-0.90566,0.0017972,-0.10402,-0.5622,0.64879,-0.65881,-0.11041,0.42183,0.6513,0.93862,-0.45673,-0.76133,-0.51686
-0.56796,0.2964,-0.58865,0.033116,0.20528,0.33424,0.38961,0.83364,0.29107,0.10435,0.18807,-0.34839,0.27806,0.14366,-0.19582,0.83411,0.77313,-0.24126,-0.998,-0.36186,-0.9964,-0.21313,0.96235,-0.46312,0.27037,-0.46752,0.94222,0.71509,0.33048,0.53057,-0.63745,0.064795,0.85887,0.77124,0.3028,0.33818,0.10885,0.63343,0.4073,0.33261,-0.12512,0.83915,-0.36905,-0.11091,0.10166,0.41153,-0.84636,-0.4518,-0.05019,0.88905,0.9396,-0.88828,0.98952,0.2356,-0.37565,-0.65388,0.58874,0.70082,0.097842,0.36644,-0.21739,-0.7865,0.95708,-0.29761
0.58081,-0.94954,-0.22346,0.4054,0.50104,0.17288,0.66874,0.97394,-0.75356,-0.93412,-0.51783,-0.8081,0.77527,-0.42796,-0.40964,0.51639,-0.1064,0.72935,-0.16368,0.9721,0.42353,-0.89285,0.72398,-0.48381,-0.80544,-0.417,-0.40481,-0.48031,0.92028,0.14907,-0.75397,-0.4933,0.84996,0.84009,-0.0026072,0.095391,-0.54083,-0.098944,0.8379,0.72214,0.66991,-0.42262,-0.39869,0.96413,0.38907,0.19352,-0.24657,0.9958,0.68481,0.83943,-0.24948,-0.85698,-0.14272,0.18843,0.94627,0.72729,0.777,-0.01093,0.73939,0.3788,-0.37283,-0.87897,0.036504,-0.74652
0.89861,0.68441,0.10356,-0.69282,0.16707,0.35022,0.21926,0.010266,0.0087957,-0.89227,0.68274,0.49507,-0.60253,0.39827,-0.38701,0.77406,0.63197,-0.16008,-0.023029,0.43636,0.73545,-0.2499,-0.83236,-0.037981,0.81688,-0.62322,0.050146,0.75613,0.88624,0.83185,0.15994,-0.85809,-0.28339,-0.39987,-0.43098,0.21811,-0.98617,0.61327,0.32014,0.52356,-0.34971,0.10172,-0.91592,0.15654,0.85499,0.17259,-0.70161,0.66871,-0.0060731,-0.55385,0.96973,-0.96865,-0.46531,0.33175,-0.38162,0.85211,-0.71497,0.89632,0.47767,0.061752,0.10663,0.24377,0.015537,0.47882
-0.34487,0.11807,-0.54209,0.90691,0.10359,-0.27796,0.14947,-0.45716,-0.30548,0.61013,0.71443,0.49702,-0.20927,0.59252,-0.78888,-0.8624,-0.80333,-0.52025,-0.68026,-0.17363,-0.76338,0.54999,-0.32458,-0.54532,-0.92997,-0.95428,0.72468,-0.62346,-0.7746,-0.0091352,-0.34293,0.25161,-0.48002,-0.85322,0.66112,0.72627,0.53328,0.58035,0.38021,0.75168,-0.26472,0.83865,0.055803,-0.53115,0.88842,0.93699,-0.93181,0.58269,0.52481,0.019534,-0.75583,0.94736,-0.054096,-0.46464,0.8925,-0.61779,0.87934,0.59558,-0.79354,-0.62229,0.5841,0.39814,-0.34996,-0.10864
0.34253,0.7082,0.28388,0.081768,0.16714,0.24056,-0.34792,-0.7985,-0.8157,-0.09725,0.92722,0.086599,0.98435,-0.11682,0.18766,-0.63294,0.71919,0.19531,0.33368,-0.80274,-0.92195,-0.6694,-0.52774,-0.9028,-0.9205,-0.10119,0.79281,0.51839,0.29657,-0.66798,-0.46363,-0.95064,0.57372,0.5348,0.63672,-0.23861,-0.95633,-0.43408,0.70745,0.74247,0.58968,-0.8199,-0.48796,0.62118,0.80653,0.16349,0.5645,0.31323,-0.64025,0.57548,0.52191,0.46959,-0.67831,-0.15227,-0.17888,-0.8993,-0.99948,-0.73391,0.94287,-0.013969,0.59663,-0.45012,-0.60546,-0.96478
-0.12271,-0.30424,-0.031039,0.35947,0.02364,0.6223,-0.087151,0.015698,-0.7043,-0.23471,-0.0222,-0.32374,-0.1953,-0.10757,-0.43454,0.47415,-0.94474,-0.041191,-0.96416,0.46912,0.19639,0.82444,-0.36439,-0.66152,0.97714,-0.51272,-0.62198,-0.93662,-0.038392,-0.348,0.10048,-0.87592,0.023164,-0.8301,0.87634,0.49791,-0.21379,-0.86338,-0.064197,-0.65442,-0.80138,-0.48461,-0.18258,-0.097452,0.20821,-0.8004,-0.34551,0.087346,0.38324,0.044904,0.15872,0.50477,-0.6822,0.59865,-0.97933,0.096899,-0.12239,-0.52446,0.47743,0.11908,0.72652,-0.15606,0.72579,0.36342
0.667,-0.10795,-0.69631,-0.92687,-0.83481,-0.96149,0.42759,0.17122,-0.60366,0.57929,-0.55938,0.66467,0.31771,-0.068675,-0.68956,0.39343,0.79831,0.7971,-0.76065,0.27461,0.20863,-0.36159,0.9689,-0.48311,0.37236,0.73745,0.32144,0.28468,-0.86696,-0.40713,-0.63897,-0.74078,0.12505,0.45753,-0.99935,-0.68661,-0.49492,-0.89014,-0.083043,0.70045,0.90356,-0.1459,0.89503,-0.50006,0.85242,-0.66679,0.63495,-0.22664,0.82885,0.23478,0.24231,-0.93337,-0.46332,0.86463,-0.37986,-0.98096,-0.97766,-0.74455,-0.97228,0.65656,0.59592,-0.26835,-0.46426,0.76167
0.53771,-0.89152,0.56386,0.61841,0.43914,-0.83225,0.76881,0.52577,0.34454,-0.27143,-0.54758,0.10514,0.8027,-0.44192,-0.99868,0.55399,0.79987,0.86942,0.90425,-0.85232,0.032865,-0.34044,0.096502,-0.60418,-0.24662,0.057222,0.88246,0.13374,0.79554,0.1166,0.35698,-0.098772,0.36959,-0.10422,0.28078,-0.88375,-0.59157,0.27505,0.61221,0.91918,-0.99705,0.15545,0.83856,0.91088,-0.76611,-0.79581,-0.65276,0.64446,-0.67469,0.11648,-0.020192,-0.76479,0.51424,-0.060562,-0.68959,0.65673,-0.53097,0.068241,0.35824,-0.59426,-0.98725,-0.83568,0.077362,-0.72036
-0.66549,-0.64578,-0.79879,0.49724,0.99231,0.9496,0.44171,-0.83407,-0.13698,0.0647,0.073576,0.91509,0.99076,0.35075,-0.43281,0.0038068,0.048212,0.63577,0.95171,-0.75898,-0.98499,-0.59153,0.4985,0.21139,0.0086485,0.82827,0.95141,-0.24718,-0.0055397,-0.86505,-0.88862,0.34467,-0.81521,0.3025,-0.98529,-0.32059,0.32456,-0.15143,0.64953,0.54041,-0.40921,0.79904,-0.75751,-0.7147,-0.3184,-0.70751,0.35224,0.19067,-0.14381,0.46198,-0.5591,-0.47739,0.21835,-0.38739,0.98817,0.81709,0.41397,-0.88661,-0.028995,0.055492,0.8398,-0.86046,0.10293,0.62171
0.72396,0.32562,-0.41187,-0.75963,-0.29093,0.3027,-0.96277,0.32319,0.38881,0.42331,0.52422,0.78567,0.30633,0.80733,0.10162,-0.14901,-0.7596,0.41782,-0.93817,0.96319,0.37787,0.53443,0.6837,0.64741,0.52699,0.94786,-0.78413,-0.5749,0.54261,-0.86204,-0.93189,0.71222,0.74516,-0.661,-0.78716,0.63435,0.82948,0.81106,-0.61913,0.75003,-0.90309,-0.56355,0.18389,0.025127,-0.92654,0.34313,0.7512,0.56328,-0.9163,-0.8732,-0.71173,0.78672,0.93387,-0.12126,-0.099522,0.41059,0.38833,-0.06285,-0.93056,0.61562,-0.96408,-0.75822,0.92651,-0.49428
0.97974,-0.33834,-0.52525,0.05009,0.94252,-0.53752,0.34955,0.033958,-0.48643,0.74295,-0.30487,-0.28699,-0.78313,0.81705,0.7418,0.22247,-0.64441,0.48644,-0.012236,-0.0064012,0.89204,-0.86005,-0.66622,0.62123,-0.90225,0.17085,-0.6422,0.58431,-0.87928,-0.66643,-0.42696,-0.0031092,0.88588,0.062898,-0.78641,-0.2449,-0.98619,-0.16536,-0.94865,-0.86517,-0.11452,0.93406,-0.2807,0.94385,0.07674,0.27971,0.51431,0.97535,-0.54851,-0.014427,0.27035,0.94412,0.54664,-0.38628,0.090437,-0.51334,-0.46976,0.96538,-0.77112,-0.28979,-0.94117,0.35571,-0.46085,-0.95123
0.028847,0.79697,0.061745,-0.34833,-0.3071,-0.19302,-0.12298,-0.6579,-0.98048,-0.34262,-0.077536,0.092804,-0.92777,0.49439,-0.91549,0.71154,0.41222,0.79942,0.72544,-0.95517,0.74707,0.90007,0.8062,0.60447,0.45186,-0.76205,0.4931,-0.70911,-0.47509,0.89488,-0.84522,-0.90243,-0.80681,0.2676,-0.26578,0.94521,0.49285,-0.69188,-0.88637,0.29358,0.57969,-0.13204,0.43861,0.29664,0.47446,-0.25513,-0.54075,0.57651,0.3323,-0.54015,0.60483,0.98815,0.14573,-0.44997,-0.47534,0.17846,-0.34685,0.36444,-0.84675,0.09551,0.4229,-0.56213,-0.46856,0.061447
0.76856,-0.76369,-0.817,0.092899,0.77309,-0.75596,-0.12436,0.87712,0.064566,0.30024,0.27865,-0.30664,0.23618,-0.47898,0.80944,0.34159,0.66272,-0.86952,-0.51425,-0.89234,-0.77345,-0.68358,-0.78975,0.41623,0.40266,0.85307,-0.90106,-0.021715,0.30214,0.62218,0.80114,-0.37234,0.69177,-0.97181,-0.52078,0.21064,0.59934,0.079999,-0.71413,-0.35181,0.82704,0.56964,0.047102,0.22934,-0.63755,-0.67425,-0.28211,0.70584,0.74269,-0.32522,0.33929,-0.30643,-0.099553,-0.72251,0.76508,0.8778,-0.81353,0.7418,0.21565,0.43488,0.076828,-0.52544,-0.38002,0.86971
0.17605,0.97684,-0.18937,-0.20224,-0.09061,-0.46312,-0.76593,0.18097,-0.44122,0.94967,0.83467,0.24561,0.13429,0.37928,-0.73805,0.047184,-0.93033,-0.32818,0.66854,-0.71825,-0.29086,-0.42711,0.49019,0.71876,-0.082218,0.18712,-0.85743,-0.97431,-0.73279,0.42091,0.69321,0.28326,0.81879,-0.059257,-0.30772,-0.32353,0.8156,0.87418,-0.65716,0.28069,0.066509,0.050468,-0.47831,-0.060699,-0.14751,-0.22096,-0.27367,-0.028774,-0.31054,0.10328,-0.056794,-0.4154,-0.42589,-0.66691,-0.79388,0.791,-0.9168,-0.0075789,-0.53307,-0.59498,0.049177,-0.98273,0.1146,0.53866
-0.6905,0.079964,-0.79031,-0.16981,-0.17315,-0.48431,0.62936,-0.11873,0.89246,-0.84807,-0.67685,0.59325,0.92393,-0.73634,0.66746,-0.40237,0.51568,-0.99133,0.62718,0.78695,-0.51613,0.37426,0.45874,0.56217,0.16459,0.76723,-0.021749,-0.62678,0.27709,0.94049,-0.2086,0.57277,-0.97732,0.77265,-0.50076,0.85597,0.94915,0.32191,0.25169,0.7595,0.60815,-0.33745,-0.013841,0.15556,-0.80366,0.59995,-0.46511,0.74751,-0.9455,0.48737,0.88896,-0.62551,0.50477,-0.012105,0.64713,0.21245,0.51856,-0.42468,-0.71598,0.28751,0.0044799,0.45422,-0.24362,-0.1905
-0.60027,0.41383,-0.77543,-0.63852,-0.56454,-0.33667,-0.35029,0.88384,0.81289,0.17404,0.43127,0.49175,0.49221,-0.753,0.60094,0.40794,0.91422,0.65619,0.25795,-0.06836,0.12067,-0.7177,0.43494,-0.59241,-0.32182,-0.15105,0.69979,-0.029539,-0.23011,0.99685,-0.66157,-0.4217,0.047365,-0.77194,-0.22587,0.79685,-0.76027,-0.21069,-0.94097,-0.25272,0.12532,-0.13681,0.71167,0.82263,-0.39356,-0.20041,-0.32539,-0.33231,0.81057,-0.17539,0.18296,0.4863,-0.81128,-0.82683,-0.14565,0.58476,-0.35025,-0.63396,0.060346,-0.99982,-0.86866,0.12207,-0.50847,0.43562
-0.18609,0.99898,0.56886,-0.48923,-0.74869,-0.69553,-0.50754,0.31183,-0.21463,-0.17223,0.15548,-0.74893,0.32503,-0.61819,0.83576,-0.23678,-0.31426,0.014871,-0.99552,0.12171,0.22545,0.024173,-0.73314,0.98669,-0.65875,0.21451,0.99408,0.67645,0.5314,0.97491,-0.1391,-0.004264,0.30069,-0.11492,-0.15792,0.70141,0.03794,-0.48202,-0.055335,0.53348,0.50175,0.4358,0.44881,-0.24756,0.56025,0.51024,-0.82608,-0.58937,-0.057876,0.015237,-0.5465,0.43604,-0.78643,0.85368,0.84069,0.67234,0.043644,0.92244,0.8606,0.026354,-0.53992,0.10395,0.35236,-0.037355
0.49741,-0.4243,-0.41686,-0.95893,-0.38217,-0.30398,-0.31457,-0.096109,-0.95029,-0.38173,-0.1334,0.64479,0.046627,-0.70854,-0.72539,0.13537,0.27649,-0.26768,-0.24055,-0.011087,-0.39838,0.44265,-0.10842,-0.81275,-0.20161,-0.85847,-0.99121,-0.71789,0.30583,-0.69983,-0.16756,0.63687,-0.22971,0.3191,0.28015,-0.48642,0.64395,0.69582,0.35689,-0.66383,-0.98154,0.83242,-0.60178,-0.54247,0.073921,-0.40958,-0.096881,-0.011286,0.82093,-0.74206,0.36769,-0.62221,0.46979,-0.70305,0.056024,0.12028,0.90378,0.51252,0.23381,0.13966,-0.76592,0.48451,-0.47741,-0.11765
0.65117,-0.17095,0.20707,0.84735,0.45221,-0.75668,-0.24862,0.67939,0.34287,-0.47233,0.76849,-0.9497,-0.48021,0.17009,0.0094646,0.77572,-0.31399,-0.54672,0.80881,-0.86443,0.59628,0.85769,0.017574,0.30124,0.83955,0.84954,0.085215,0.46443,-0.23702,0.91696,0.45753,0.19026,0.2986,-0.41045,0.57511,-0.42901,0.27405,0.89011,-0.77042,0.039449,-0.04643,0.78006,-0.68543,-0.15295,0.53814,0.28001,-0.090672,-0.93758,-0.34404,-0.57033,-0.35871,-0.13212,-0.29082,-0.67904,0.74167,-0.99861,0.33796,0.90071,0.37978,-0.98593,0.97954,0.64927,0.92297,0.88472
0.57993,-0.07032,0.92885,0.3074,0.56574,0.76831,0.093108,0.065247,0.67434,0.51753,-0.2139,-0.17114,0.92399,-0.85328,-0.19008,0.6859,-0.56706,0.069663,0.3607,0.79529,0.59128,0.46421,0.060981,-0.56965,-0.54791,0.28416,0.7227,0.38213,-0.39996,0.060918,-0.18705,0.072849,0.52571,0.90074,-0.46001,0.55989,0.90782,-0.246,-0.52787,0.25491,-0.49934,-0.73059,-0.25905,-0.45281,0.27789,0.77023,-0.94193,0.65515,0.38221,-0.41434,0.49784,-0.90881,0.16127,0.43545,-0.29438,-0.49745,-0.053757,0.34253,-0.53115,0.78494,-0.85897,-0.21321,-0.0048465,0.15756
-0.36295,0.52791,-0.13503,0.86523,0.38758,-0.81144,0.12384,0.10777,0.943,0.99043,-0.64205,0.46281,0.080408,0.64465,-0.65286,0.7976,0.5724,-0.42103,-0.24235,-0.42287,0.56218,0.4997,0.71943,-0.51225,-0.27799,-0.791,0.81828,-0.93101,-0.31972,-0.85183,0.90361,-0.33825,0.15137,0.38857,0.68796,0.40279,0.89385,-0.86544,-0.42184,0.42783,-0.38416,-0.76017,0.72454,-0.11087,0.7863,-0.58071,0.2742,-0.47149,-0.9651,-0.10007,0.99629,0.31095,-0.40229,0.34979,-0.1997,-0.1361,0.29874,-0.62789,-0.58631,0.66639,-0.87995,-0.72811,-0.14446,0.56722
0.068128,0.63641,0.3895,-0.67298,-0.9804,0.86008,-0.20836,0.36013,-0.88613,-0.62686,0.26667,0.56275,-0.93946,0.44581,0.15037,0.87801,0.44618,-0.86326,0.26391,-0.46191,-0.2978,-0.18536,0.35545,-0.32062,-0.35088,0.40045,0.6907,-0.022285,0.83785,-0.37636,0.82397,-0.17662,0.26384,-0.58639,0.48094,-0.014976,0.93321,-0.63684,-0.65449,-0.38721,0.9339,0.7869,0.36953,0.25503,-0.87862,-0.039287,-0.88108,0.355,0.024694,-0.51944,-0.46053,0.56208,0.42736,-0.28296,0.19585,-0.13869,0.33127,-0.42032,-0.92527,0.55033,0.32315,-0.60851,0.13558,0.42961
-0.8201,-0.79956,0.5162,0.84219,0.68643,-0.20196,-0.20374,-0.26562,-0.099352,0.56229,0.248,-0.26543,0.39263,0.85172,0.21244,0.63087,-0.44232,-0.83006,-0.51346,0.18839,-0.89141,-0.52102,0.61168,-0.60428,-0.83284,-0.20839,0.75775,0.94278,-0.087466,0.79034,0.90283,0.58801,-0.44359,0.10952,0.6522,0.93534,-0.86531,0.1515,-0.35259,-0.47263,-0.58239,0.30617,0.2684,0.069283,-0.64846,-0.77402,-0.66161,0.58773,-0.33637,-0.47347,0.86374,0.7258,-0.27903,-0.81908,0.82304,0.75047,-0.53971,-0.88358,0.32673,0.57627,-0.31188,0.4406,0.22608,-0.71567
-0.77659,-0.64377,-0.13472,0.58932,0.84466,-0.9052,0.030734,-0.52142,0.16494,-0.6084,-0.34412,0.48974,0.039432,-0.014723,-0.57111,-0.99728,0.16486,-0.86332,0.14283,-0.048242,0.41741,0.041701,0.062486,0.013667,0.025331,-0.83019,0.49236,-0.7751,-0.11501,0.66954,-0.308,-0.31358,0.67967,0.75856,-0.63562,-0.047677,-0.12493,-0.62823,0.60222,0.83201,0.040953,-0.91944,-0.71735,-0.22912,-0.16734,-0.73526,0.36936,0.36369,-0.32778,0.78317,0.39277,0.57071,0.43692,-0.9835,-0.73403,-0.86472,0.60978,-0.91187,0.014509,-0.25274,-0.74297,0.33927,0.61399,0.38584
-0.72741,-0.28073,0.311,0.15479,0.54191,-0.31525,0.31506,0.15785,0.37328,0.98472,0.60593,0.78453,-0.88194,0.30977,0.039865,-0.99382,-0.15799,-0.18037,0.96346,-0.26338,0.98586,-0.56185,0.91179,0.90152,0.66573,-0.57104,-0.76502,0.48643,-0.091628,-0.9953,-0.41951,-0.074787,-0.14633,0.11572,-0.86913,0.98981,-0.35832,-0.4171,-0.40073,0.23007,-0.54891,0.0094319,-0.8414,0.7469,0.47958,-0.872,0.10913,0.30152,0.90669,0.17228,-0.80948,-0.13302,0.99065,-0.25444,-0.91567,-0.32019,0.0055701,-0.44088,-0.028399,-0.69538,0.27427,-0.8803,0.76157,-0.2127
0.3573,-0.88659,-0.78049,-0.11993,-0.91468,0.47193,0.90183,0.73377,0.43887,0.60452,0.99896,-0.51479,0.78007,0.78025,0.97837,-0.82506,-0.81586,-0.75324,0.69936,0.31122,-0.67505,0.68478,-0.86665,-0.21079,0.80923,-0.5024,0.018045,0.27708,0.89056,0.28042,0.7734,-0.26435,0.26324,0.50467,0.2207,-0.018843,-0.7319,-0.076672,0.55125,-0.81365,0.1344,0.78891,0.75229,-0.3993,0.78591,-0.84141,-0.98793,-0.52532,0.50101,0.87735,-0.50826,-0.30436,-0.8326,0.57661,-0.19792,-0.64588,-0.13194,-0.65906,0.72339,-0.29548,0.49298,-0.23145,-0.68004,-0.74446
-0.009646,0.043771,0.86752,-0.48477,-0.24363,0.58936,0.4447,-0.18645,0.30008,-0.15155,0.96196,-0.74081,-0.3396,0.077051,-0.02017,-0.47855,-0.95195,-0.11397,-0.43311,0.8764,-0.77287,0.32587,0.083036,0.16893,0.44719,-0.54669,-0.66234,0.18837,-0.56176,0.60637,-0.57994,0.35914,0.66693,0.7898,0.40311,0.0069068,-0.73083,-0.30605,0.10554,0.25539,0.99633,-0.22854,-0.15914,-0.19994,-0.94829,0.25391,-0.42383,-0.045193,-0.33215,0.23616,0.86932,-0.88922,-0.063588,-0.10543,0.19142,-0.50793,0.41807,0.3542,0.93103,0.2902,0.61053,-0.017528,-0.82165,0.28181
-0.62058,-0.3283,-0.62508,0.50389,0.40868,0.089812,-0.19984,-0.77477,0.45383,0.45773,-0.74593,-0.54986,-0.5406,-0.43559,0.38975,-0.9544,-0.017708,0.79788,0.36492,0.24085,0.82575,0.63247,-0.43668,0.21307,-0.23401,0.40601,0.66222,-0.002755,0.76481,-0.50974,-0.73825,0.13556,-0.45963,0.68369,-0.77676,0.53755,0.6119,-0.36367,0.10938,-0.61594,-0.73627,-0.4159,-0.024673,0.035447,-0.72487,-0.17733,-0.24678,0.87284,0.26567,-0.49856,-0.040432,0.63888,-0.81239,-0.80075,0.83936,0.45564,0.11053,0.80484,0.51938,0.86387,-0.46195,0.54832,-0.37373,-0.004983
-0.0099884,-0.64866,-0.46764,-0.54266,0.45903,0.37245,0.66374,-0.11231,-0.2523,-0.0032928,-0.53552,-0.29997,-0.7721,0.95192,-0.17716,-0.15183,-0.44347,-0.29272,-0.28375,-0.43432,-0.036686,0.58776,-0.038199,0.42929,-0.40397,0.50831,0.85602,0.13571,-0.96025,-0.87176,0.041032,0.30355,-0.1984,-0.73829,-0.80835,-0.22383,0.049529,-0.080171,0.46129,0.55393,0.90935,-0.53193,-0.079349,-0.87635,-0.15183,0.27718,-0.70701,-0.51779,-0.16891,-0.79493,0.76506,-0.78792,0.45034,0.61166,-0.41245,-0.42359,-0.48999,-0.29603,-0.50664,-0.81336,-0.13204,-0.70438,0.21471,-0.87205
-0.70478,-0.58211,0.59566,-0.87163,-0.55145,0.78727,-0.73132,-0.39963,0.16316,0.61798,-0.95274,-0.42583,-0.37815,-0.92715,-0.93045,-0.31787,-0.32049,-0.75964,0.97385,-0.58964,0.70361,-0.06179,0.36973,-0.19693,0.38342,0.094573,-0.66103,-0.14699,-0.31647,-0.4737,0.81093,-0.017773,0.10851,-0.62169,0.19567,-0.093481,0.88851,-0.52821,0.54725,0.729,-0.75224,-0.5981,0.031354,-0.53727,0.52913,0.71311,-0.85093,-0.58177,0.153,0.092728,0.55859,-0.98785,0.82409,0.31891,0.090079,-0.52532,-0.8496,-0.79968,0.35253,0.47756,-0.19639,-0.028932,-0.24252,0.047074
-0.89005,0.81031,-0.024792,0.53466,-0.46189,-0.89042,-0.87907,-0.19723,-0.76776,-0.28698,0.21487,0.85498,-0.54314,-0.34751,-0.41434,0.082708,-0.4253,0.13822,-0.83203,-0.12173,0.61983,-0.38095,-0.58348,0.71738,0.76091,0.10697,0.76747,-0.84752,0.53205,-0.79456,-0.19494,-0.20308,-0.11227,-0.69272,0.62447,-0.73429,0.97668,-0.9445,0.80169,-0.33284,-0.62752,-0.23939,-0.45601,-0.76303,0.048874,0.52715,-0.078514,-0.45506,0.919,-0.11471,-0.96343,-0.44992,-0.82717,-0.095272,0.56336,-0.72068,0.1782,0.586,0.51861,-0.88947,0.21628,-0.85633,0.85109,-0.37092
0.70143,0.35078,0.53792,0.3424,0.34606,-0.39268,-0.83151,0.66673,-0.88469,-0.85351,-0.77838,-0.89737,0.30399,0.94603,0.60288,0.85234,-0.65819,0.75007,-0.49939,-0.9455,-0.62648,0.37516,0.21632,0.84097,0.8491,0.26115,-0.22427,-0.41883,-0.31439,-0.032562,-0.56848,-0.045032,-0.81923,-0.9422,0.62916,0.51701,-0.18021,0.31691,-0.72367,-0.72917,0.29301,0.18958,-0.53684,-0.80244,0.50896,0.95232,-0.25921,0.55163,0.2317,0.38301,0.54152,0.88554,0.039902,0.066725,-0.3452,-0.55854,0.34848,-0.063135,0.17238,0.51432,0.54017,0.57489,-0.88597,0.70978
0.12112,-0.063064,-0.20799,0.43043,-0.045016,-0.90762,-0.6722,-0.19274,0.95953,0.18198,-0.18508,0.18533,-0.86768,-0.26993,-0.307,-0.403,-0.20147,-0.30285,0.62269,0.75237,-0.5056,0.9737,-0.34765,0.50168,-0.83749,0.97091,-0.23486,0.12267,0.23761,-0.16223,-0.84252,-0.86682,0.48876,-0.98183,-0.82113,0.13047,-0.25762,-0.68239,0.58815,0.53093,-0.74366,-0.46323,0.79907,0.78055,-0.6604,0.56307,0.64912,-0.33718,-0.69884,0.51888,0.3716,0.34852,0.10526,0.053329,-0.80947,0.63509,0.17603,0.37468,0.64488,-0.073021,0.88225,-0.21254,0.98803,-0.98197
0.85922,0.82426,-0.45412,0.28412,0.24743,-0.60905,-0.35156,-0.21965,-0.43035,0.82038,0.76815,-0.6742,-0.44914,-0.3817,-0.83337,-0.32383,0.3953,-0.91616,-0.83115,0.22018,-0.89162,0.53987,0.76169,-0.42882,-0.034654,0.26856,-0.45709,0.26667,-0.093958,-0.23742,0.86612,-0.17794,-0.93477,0.1929,0.46256,0.29727,-0.54629,0.60533,-0.62117,-0.36277,-0.83736,0.24489,0.81739,-0.93322,0.34545,0.87117,0.075071,0.20615,0.67654,-0.20116,0.73533,-0.22868,0.3703,0.25936,-0.11663,-0.24354,0.067405,0.36616,0.85367,-0.90999,-0.73707,-0.52768,0.33392,-0.59483
0.39333,-0.79198,-0.92553,-0.1619,-0.52711,0.44033,-0.39655,-0.2791,0.18995,-0.61247,0.096266,0.67681,-0.43636,-0.75818,0.022213,0.71896,-0.59265,-0.71532,0.062508,-0.59282,0.21792,0.65916,-0.73321,0.59363,-0.74347,0.20091,0.73577,0.86155,-0.97967,0.77353,0.20574,0.93818,-0.14051,0.2181,0.80771,0.59612,-0.10794,-0.18284,-0.94205,-0.49524,0.31845,0.60913,0.20729,0.67807,0.23731,0.4783,0.63503,-0.63197,0.45233,0.13483,0.16102,0.71389,-0.40069,0.29313,-0.94185,0.33103,-0.054767,-0.15713,0.27513,0.68406,-0.48855,-0.83886,0.2343,0.76121
0.16558,0.49109,0.34659,-0.21848,-0.64575,0.44351,-0.97664,-0.71949,0.92432,-0.13526,-0.26199,-0.66488,0.76013,0.83153,-0.26633,-0.31904,0.33265,-0.84681,0.60125,0.039834,0.55446,0.41217,-0.79518,-0.71447,-0.49418,0.81837,0.483,0.95554,0.19816,-0.15888,-0.24502,0.56144,-0.92548,0.83785,-0.095536,-0.5591,-0.46756,-0.34522,-0.74523,-0.59985,-0.9452,-0.79206,-0.26953,0.014533,-0.98631,-0.49276,-0.079238,-0.82508,-0.78231,-0.58883,0.25221,0.34965,0.20376,-0.61634,0.35078,0.87163,-0.35238,0.31869,-0.96212,-0.67058,-0.24338,-0.84199,-0.70423,-0.5639
0.63079,0.47253,-0.14087,0.63228,0.65929,0.7556,0.07981,-0.47974,-0.62844,0.49832,-0.58331,0.0044012,-0.11134,-0.72904,0.47896,-0.72376,-0.11387,0.48105,0.47765,-0.89235,0.022128,0.19067,0.91823,0.0091004,0.76792,0.14167,-0.10425,-0.81281,0.20314,-0.4323,0.32986,0.45804,0.9516,0.46715,-0.85862,0.71578,-0.081807,0.49203,-0.73253,-0.86198,0.97036,0.45848,0.19718,-0.77257,0.48045,0.4385,-0.97193,-0.38217,-0.6773,0.88706,-0.77771,0.21619,-0.60299,0.60346,-0.77682,-0.14704,-0.13803,0.26685,-0.63132,-0.76985,0.98747,0.85486,-0.94201,-0.36462
0.75803,0.12372,-0.096522,-0.36514,0.53384,0.16487,-0.80925,-0.82637,-0.61392,-0.92163,-0.11811,0.99866,0.51183,-0.33576,0.04948,0.015598,-0.13341,-0.08695,-0.71667,0.72437,-0.9445,0.50575,-0.6942,0.22138,-0.60745,-0.32916,0.41928,0.32347,0.29883,-0.90364,0.58438,0.5313,0.04468,-0.39771,-0.51744,0.80946,-0.13419,0.4927,-0.74338,0.10382,0.078662,0.29718,0.33697,-0.019109,0.98347,0.38703,-0.99003,-0.53824,-0.40598,0.025613,-0.57261,-0.12115,0.31351,-0.60686,-0.60072,0.21032,0.5298,0.050292,-0.94652,-0.45688,-0.3181,-0.59057,0.14494,-0.31207
0.97782,-0.63161,0.21971,0.62908,0.86896,-0.85863,-0.70697,-0.14121,-0.31671,0.89265,0.91239,-0.28919,0.20659,0.79496,0.60904,0.71331,-0.64952,0.3365,-0.12421,-0.11413,0.98077,-0.0065556,-0.69492,0.40759,-0.75729,0.91428,0.88866,0.20555,-0.31456,-0.56167,-0.33302,0.51316,0.81926,-0.008851,0.46373,-0.41596,-0.48075,-0.65209,0.87052,-0.19238,-0.25233,-0.050691,0.78913,0.19888,-0.74364,0.54664,-0.66755,0.81837,-0.15284,-0.44751,-0.92726,0.92257,0.39671,-0.17741,0.060323,0.93917,0.99293,-0.61744,0.87,-0.37123,0.7991,0.91316,-0.94004,0.60015
-0.99896,0.19442,-0.88119,0.57815,-0.78422,0.84549,0.26228,-0.48543,0.8658,0.52735,-0.75195,-0.90584,0.56653,-0.00070244,0.63382,-0.23137,-0.6136,0.39849,-0.29924,0.096018,0.0018798,0.73027,-0.68889,-0.23332,0.08739,-0.12015,-0.65176,-0.052364,-0.013401,-0.52165,0.38532,0.68654,-0.2335,-0.48367,-0.91902,0.45174,-0.73257,-0.76491,-0.45354,0.50023,0.41347,0.86582,-0.82533,-0.81957,-0.27883,0.49443,-0.26812,0.87377,0.056829,-0.54172,-0.11091,0.64581,-0.080639,-0.52861,0.25471,-0.2707,-0.46996,0.023812,-0.031065,0.21218,-0.52504,-0.32052,0.42307,0.14217
0.73088,-0.40013,-0.36838,0.70453,-0.63554,0.60074,0.71864,-0.40489,-0.21866,0.11764,-0.058474,-0.57268,-0.77214,0.23058,-0.62106,0.39138,0.23284,0.14271,-0.043005,0.13372,-0.33601,-0.86394,-0.82086,0.45737,-0.37076,0.20309,-0.51081,-0.28749,0.40355,-0.94148,-0.59237,0.54031,0.7689,0.46571,-0.15095,-0.32111,-0.16154,-0.65192,0.88536,-0.025633,0.89482,-0.80711,0.078021,0.95645,-0.61785,-0.36323,0.43642,-0.93624,-0.44981,0.90586,-0.34684,-0.979,-0.68468,-0.45559,-0.25281,0.3289,0.58413,0.49666,0.58957,0.35493,-0.56,0.91993,-0.57192,0.62648
0.22513,-0.73175,0.54544,0.011273,-0.80181,-0.42811,0.94844,-0.15028,-0.45357,-0.63231,0.71379,-0.20432,0.95713,0.16627,-0.75261,0.25581,-0.46198,0.25739,0.17481,0.36079,-0.65223,0.93709,-0.091151,0.77457,-0.23592,0.44052,0.28186,-0.048843,0.77561,0.40462,0.91743,0.95732,-0.48996,-0.76648,0.08043,-0.45464,0.013721,0.25482,0.2763,-0.23043,-0.23545,0.19821,-0.1431,0.30604,0.4288,0.020862,-0.68115,0.18729,0.65591,0.37884,-0.42541,-0.71677,-0.15643,-0.98266,0.21291,-0.37049,-0.73078,-0.16035,-0.086329,0.97528,0.98215,-0.31371,-0.48963,-0.82764
0.9799,-0.5748,0.39287,0.27132,-0.020472,0.087326,0.14168,-0.76159,-0.69611,-0.0041024,-0.91322,-0.33266,0.69719,0.39651,0.64199,-0.099224,0.11936,0.75553,-0.70839,-0.25724,0.25127,-0.80249,0.33779,-0.8883,0.58308,0.35756,0.61723,0.34204,-0.88988,-0.98473,0.42366,-0.77728,0.8181,0.49208,0.90766,-0.65945,-0.35135,0.68378,0.74506,-0.87718,0.38582,-0.53287,0.23431,-0.077736,-0.64427,0.54613,-0.44246,-0.91236,0.58557,0.41575,-0.007096,-0.03438,0.19211,0.85656,0.69278,0.77143,-0.92893,0.47496,-0.011581,0.98652,0.90221,-0.87315,0.91719,-0.61573
0.05536,0.78988,-0.74934,0.90179,-0.61351,0.96955,0.9937,-0.0098662,-0.20578,0.035691,0.38325,-0.54079,-0.89871,-0.94134,0.2758,-0.052764,0.88957,0.3247,0.81066,-0.84354,0.15027,0.093954,0.6626,-0.72357,0.67836,-0.57448,0.70674,0.91929,-0.80328,0.22184,-0.66619,-0.20785,0.78912,0.61958,-0.58219,0.32804,0.36938,0.020166,-0.26585,-0.57262,0.20414,-0.93534,0.11775,0.72752,0.9737,0.14563,0.28988,-0.15019,-0.4525,0.31384,-0.63659,0.16124,-0.35534,0.040439,0.40389,-0.40891,-0.092107,0.37294,-0.14857,0.51507,0.27643,0.22495,-0.63622,0.259
-0.040953,-0.85709,-0.7397,-0.11207,0.79178,0.43136,0.10708,0.41281,-0.25056,0.98849,0.95797,0.87224,-0.067596,0.055765,-0.96776,0.89941,0.42894,0.75083,0.28039,-0.087299,0.50197,-0.19406,0.58047,0.72613,0.36047,-0.83675,-0.20376,-0.82183,0.29957,-0.18382,-0.11445,-0.015879,-0.20297,0.49047,-0.76734,0.071703,-0.11381,-0.66847,-0.5276,0.087747,0.55052,0.15972,-0.5483,-0.47434,-0.966,0.9077,-0.42559,0.043163,0.23139,0.55793,0.86758,-0.41402,0.66146,-0.071749,-0.21425,-0.40927,0.12595,0.91145,0.78354,-0.44988,0.0082617,0.11123,0.59691,-0.87227
0.6027,-0.51503,-0.8153,-0.87996,-0.80182,0.67794,0.030917,-0.51285,-0.73777,0.7097,-0.43346,0.36638,-0.34869,-0.93585,0.79191,-0.833,0.35844,-0.064966,-0.67412,-0.90431,-0.69296,-0.78592,0.42542,-0.15651,-0.16616,-0.45104,-0.76901,0.59548,0.52814,-0.50211,0.26599,-0.48381,0.25004,-0.32571,0.29244,0.65822,-0.12867,0.42861,-0.62536,-0.17871,0.18367,0.6844,-0.79096,0.64793,-0.92041,-0.65686,-0.35614,0.68068,-0.7969,0.16094,0.88036,-0.12227,-0.75463,0.047059,0.14374,0.81416,-0.53823,-0.38419,0.74857,0.90803,-0.28376,0.8129,-0.91991,0.48592
-0.54431,-0.89249,-0.98436,0.7335,-0.91167,-0.13348,-0.33864,0.57014,-0.12992,0.92481,-0.73244,0.92423,0.26041,0.65428,0.03075,-0.44034,0.91876,-0.71733,0.13182,0.47651,-0.28643,0.44833,-0.054805,-0.17737,0.28578,0.73504,-0.83944,0.18155,0.97592,0.30492,0.85993,-0.92607,0.13519,0.16865,-0.78318,-0.46528,0.58605,0.81407,0.091299,0.80193,-0.24764,0.11379,-0.98004,-0.34205,0.60866,0.81447,-0.68917,0.25006,0.33993,0.0064603,0.18293,-0.20347,-0.49764,-0.32638,-0.50045,-0.014231,-0.71048,-0.3154,0.2663,-0.17784,0.5369,-0.59755,-0.38168,0.20679
-0.0038114,-0.11656,-0.15378,0.26238,0.11459,-0.058751,-0.14,-0.85182,-0.81697,0.35788,0.37056,-0.12405,-0.5394,-0.32003,0.089044,-0.10599,0.55067,-0.86373,0.86323,-0.924,-0.7121,0.22736,0.41718,0.91828,-0.57184,0.11871,-0.27906,0.82439,-0.74935,-0.35945,0.058662,0.94876,0.78902,-0.062096,0.96699,-0.64769,0.63111,-0.56292,-0.48977,-0.88742,0.7013,0.67977,-0.88169,0.8826,0.71958,0.50444,-0.22467,-0.48959,-0.30521,0.75746,-0.99838,-0.72539,0.87522,-0.33524,0.45469,-0.58572,0.35419,-0.22593,-0.41544,-0.56675,0.56873,0.57539,0.93418,0.59689
0.8017,-0.97343,0.31115,-0.28985,0.54499,0.12143,-0.016387,-0.21223,0.22925,-0.193,0.81891,0.88067,0.15977,0.69342,0.21288,0.17514,0.21545,0.42848,0.5662,0.90849,0.70122,0.56594,0.91612,0.50049,0.23454,-0.070744,0.65781,-0.79774,-0.27105,-0.79266,0.25295,0.45285,-0.57167,-0.82547,-0.50331,-0.13763,0.50423,0.74192,-0.38835,-0.11298,-0.54853,-0.5901,-0.3547,-0.51178,0.13251,-0.42765,0.79147,0.80938,0.33899,-0.2141,0.80601,0.90552,0.31042,0.97658,-0.31334,-0.94836,-0.29186,-0.94765,-0.41664,0.25826,-0.94216,-0.30456,-0.46602,-0.67881
0.14932,0.79438,0.44585,0.99401,-0.37612,-0.46182,-0.85793,-0.99321,-0.97804,0.86996,0.22174,-0.98833,0.20631,-0.50786,0.52087,0.75527,0.896,-0.38403,0.37137,0.48474,-0.32426,0.13324,0.011551,0.96199,0.35038,-0.1394,-0.57078,-0.41341,0.35246,0.07113,0.36164,-0.70407,-0.99228,0.65743,0.21271,-0.04869,0.57851,-0.57633,-0.9689,0.075625,0.59392,0.24251,0.55895,0.91422,0.50823,0.25482,0.77553,0.5346,-0.4094,-0.51473,0.36579,-0.27991,0.50582,-0.052566,-0.84273,-0.65958,0.020945,0.26709,-0.509,-0.97026,-0.89512,0.9443,-0.75625,0.47586
0.69036,-0.60668,0.062419,-0.55166,-0.64204,0.49804,0.77548,-0.55865,0.14652,-0.041031,0.79997,0.22061,0.19976,0.16298,0.71069,-0.061799,-0.88072,0.34233,-0.067561,0.8749,-0.44961,0.62264,-0.38989,-0.53297,0.20205,0.54797,0.58208,-0.89682,-0.24848,-0.67026,0.8464,-0.70421,0.76116,0.37189,0.63339,0.57044,0.0025349,0.67333,0.17498,-0.73188,0.99376,-0.65196,-0.32904,0.02165,0.03903,-0.074344,-0.21277,0.12533,0.36086,-0.43675,-0.8523,0.67395,0.62172,0.49372,-0.39554,-0.39532,0.38941,0.1305,0.4087,-0.9134,-0.35316,0.6721,0.21476,0.51408
0.47728,-0.81326,-0.78236,0.3049,-0.32209,0.0077755,-0.87073,-0.9974,0.57946,-0.53642,-0.61313,0.60215,-0.10314,0.87535,-0.23426,-0.12516,-0.46258,0.30484,-0.47936,0.026728,-0.98798,0.15355,0.57962,-0.80755,-0.30738,0.30784,0.30938,0.0082564,0.72692,0.76688,-0.69433,0.40965,-0.52976,-0.46535,0.66011,-0.7387,0.11036,0.7186,0.92512,0.081894,-0.43738,-0.42092,0.23914,0.12916,0.17181,-0.74112,0.35092,0.79431,-0.21245,0.80954,0.99277,-0.91733,-0.90315,0.33992,-0.3992,0.92288,0.19059,-0.26898,0.54922,-0.63948,0.59937,0.42361,0.2907,0.76262
0.17197,-0.38527,0.26353,0.20998,-0.57971,0.29362,-0.12763,-0.62164,-0.52927,-0.20742,0.50885,-0.53404,-0.92915,-0.90443,-0.8307,0.49237,0.97336,0.062098,0.13854,-0.51819,0.60382,0.88806,-0.52723,-0.23084,-0.2712,0.31546,-0.94771,0.53675,-0.41605,0.33291,-0.18856,-0.23801,-0.51027,0.93897,-0.021921,-0.89729,0.2615,0.046755,0.6997,0.71474,0.42076,-0.96299,0.98577,0.98743,-0.61853,0.098769,-0.49557,-0.26384,-0.21636,0.40535,-0.37109,-0.15234,-0.17058,0.59118,-0.95356,0.56731,0.012222,-0.15708,0.64531,-0.59907,0.26046,-0.5702,0.74885,-0.14152
-0.50653,-0.087885,-0.747,-0.22551,0.020305,-0.38451,0.65326,-0.71503,-0.10396,0.41015,-0.30748,0.86494,0.02763,-0.89204,0.46775,-0.064179,0.54441,0.43021,-0.50246,-0.48007,-0.0051834,0.7429,-0.53139,0.0005451,-0.65704,-0.67796,0.57155,-0.43403,-0.73305,0.69548,-0.37505,-0.84718,0.28183,-0.63245,0.52146,0.25501,-0.80402,-0.045274,-0.98412,-0.60397,0.32928,0.40299,0.29601,0.54197,0.0068829,0.93902,0.89998,-0.32454,-0.58607,0.70611,0.61844,-0.84872,0.45098,-0.45491,-0.64777,0.34651,0.5528,-0.075599,0.61238,0.43872,0.9656,-0.9691,0.79466,-0.62503
0.33283,-0.79666,-0.73139,-0.71563,0.81273,-0.72255,-0.21093,-0.46385,0.13872,0.11712,-0.16275,0.52653,-0.18454,-0.95876,-0.33602,0.72165,-0.049291,0.0096212,-0.3614,0.51795,0.075686,0.015204,-0.070601,0.14051,0.59072,-0.13525,0.84513,-0.54928,0.3453,0.52532,0.3878,-0.17832,-0.39095,-0.40012,0.83022,-0.94182,-0.50865,0.77977,0.26805,-0.68878,-0.17033,0.90418,0.079552,-0.3724,-0.89817,-0.11572,0.24936,0.23771,0.44904,-0.24263,-0.077099,-0.37237,-0.72191,-0.43217,0.72184,0.68144,0.37041,-0.37112,-0.49246,-0.11426,-0.6835,-0.57991,-0.89364,-0.39394
-0.83303,0.99078,-0.80281,-0.94973,0.25785,-0.048854,0.22695,-0.65022,-0.8772,0.51326,-0.68856,0.6529,-0.78391,0.36296,0.6795,-0.066976,0.3618,-0.024001,0.8216,0.98669,0.74183,0.57765,0.23877,0.95326,-0.014666,0.010172,-0.015374,-0.33742,-0.59483,0.61403,0.78138,-0.71402,0.65124,-0.17763,0.80195,-0.72761,0.23145,-0.86985,-0.28142,-0.87724,-0.0034602,0.49802,-0.53549,-0.88425,-0.88781,0.18193,-0.5861,-0.82621,0.63861,0.26604,0.17428,0.89197,0.26511,0.43451,0.3119,-0.15829,-0.36101,-0.54868,0.601,0.69099,0.23335,0.072937,0.51903,-0.35849
0.25192,-0.33581,-0.71595,-0.15778,-0.79693,-0.27508,0.63728,-0.7227,-0.0074222,0.99096,0.638,0.14693,-0.080249,0.19726,-0.25655,-0.003791,-0.16613,-0.0043234,0.77044,-0.28659,0.44569,-0.053939,0.23066,-0.01429,-0.29075,-0.24934,0.66802,-0.093497,0.73703,0.2659,-0.018658,0.59784,0.76738,-0.52702,-0.57152,0.38911,-0.39008,0.018912,-0.77188,0.32215,0.89825,0.51345,0.47966,-0.91185,-0.32961,-0.77806,-0.78069,-0.249,0.85294,-0.93689,-0.044809,0.70901,-0.50633,-0.63073,0.71308,0.40747,0.66429,-0.76813,0.25942,-0.22042,-0.38257,-0.78308,0.71781,-0.11599
0.32189,-0.40531,-0.6635,-0.6318,-0.21829,0.57623,0.77247,0.19777,0.28463,0.92486,0.24985,0.58516,-0.098234,-0.77194,0.65643,-0.025139,-0.2397,0.87195,0.58918,0.50572,0.33617,0.6576,-0.75475,-0.19823,0.55012,-0.039256,-0.73729,0.47477,0.50231,0.42085,0.61165,0.8605,0.89075,-0.60989,0.094122,0.031358,0.53394,0.2416,0.081636,-0.96279,0.90636,0.084178,0.77798,0.62589,0.26181,-0.6003,0.1317,-0.62524,0.02824,0.84007,0.10491,-0.65294,0.67994,0.66741,-0.45812,-0.037427,0.32164,-0.73207,-0.537,0.6751,-0.82984,0.70752,-0.036554,-0.27623
0.4595,-0.87591,-0.6075,0.45155,-0.89077,0.56059,0.86222,0.80212,-0.55747,0.070134,0.47712,-0.34192,0.10228,0.59249,-0.64696,-0.54106,-0.57346,-0.22144,0.85162,-0.7799,-0.64234,-0.35504,-0.75241,0.98998,-0.52639,-0.31516,0.51957,0.019771,-0.16124,0.37733,-0.34712,-0.99056,-0.21841,0.41076,0.56942,0.085165,-0.46554,0.46713,-0.16716,-0.41779,0.46585,-0.43587,0.71962,-0.17585,0.78396,-0.67407,-0.45133,0.62105,-0.61371,-0.060506,-0.64937,0.071767,0.67334,-0.66067,0.7919,0.64115,0.17414,0.89305,-0.23785,0.49684,0.75366,0.8217,-0.84981,0.2512
0.7815,-0.40351,-0.36504,-0.25927,0.0025658,0.33702,-0.61843,0.87876,0.67411,0.92774,0.61022,-0.55308,0.61081,0.2357,-0.74096,-0.8289,-0.23412,-0.76571,-0.64232,0.19409,0.10099,0.95229,-0.43108,-0.478,0.68967,0.55429,0.85147,-0.23497,-0.99954,-0.3581,0.099758,0.30008,0.60264,-0.6389,-0.61112,0.61697,-0.92099,-0.54001,0.034197,0.94765,-0.23064,-0.51025,0.19412,-0.23167,0.34679,-0.92625,-0.85767,0.4465,0.2058,0.039806,0.17449,-0.41022,-0.093855,0.90653,-0.58242,-0.12522,-0.96184,-0.015134,-0.093597,0.16772,0.1814,-0.33255,-0.81856,0.87765
0.96461,-0.9073,-0.36714,0.68312,-0.13656,-0.73299,-0.48284,-0.55763,0.94215,-0.76875,-0.86555,-0.37523,0.4017,-0.85957,0.75977,-0.86523,-0.94066,-0.51915,0.035082,-0.13881,0.91975,-0.44358,0.47147,0.33065,0.63305,-0.23211,0.66542,0.81097,-0.70107,0.063297,-0.22243,0.35706,-0.68577,0.044666,0.49378,0.58737,-0.40688,-0.95626,0.77225,0.52928,-0.91983,-0.42736,0.3095,0.046253,0.37053,-0.45455,-0.6831,0.34935,-0.60364,0.53262,-0.6904,0.80574,-0.21048,0.4451,0.92834,0.71995,0.6739,0.49643,0.0011191,-0.67885,-0.39375,-0.061714,-0.59957,-0.42619
0.53806,0.010856,-0.56487,0.46846,0.99512,-0.95689,0.79573,-0.034657,0.69275,-0.8971,0.90158,0.16905,0.74447,-0.86144,-0.91184,0.77678,-0.055358,0.36982,0.25401,0.46144,0.19204,-0.85434,-0.17738,0.92851,0.69246,0.42311,-0.4812,0.93052,-0.45233,0.74639,0.79366,-0.49275,0.25033,-0.40766,-0.048884,0.0037342,0.11273,-0.72202,-0.70121,-0.51263,0.16587,0.92627,0.83003,0.7843,0.39149,-0.53973,-0.90096,0.82796,-0.17921,-0.32757,-0.10909,-0.83723,0.92319,-0.7315,-0.17128,-0.98221,-0.772,-0.37813,0.081143,0.05768,-0.66386,-0.99421,0.55657,-0.5108
0.16289,0.52285,-0.49792,0.14205,0.62321,0.11968,0.18672,-0.24798,0.011999,-0.3913,-0.004846,0.65983,-0.89562,-0.72799,0.37344,-0.53366,-0.33325,0.67851,0.82636,-0.47765,0.61714,0.50245,0.65796,0.3423,-0.25963,-0.038133,-0.57396,0.25653,0.74485,-0.89092,0.35224,0.68636,0.39797,-0.074436,0.16652,-0.44674,0.93815,0.53901,-0.13065,0.36423,0.12943,-0.53861,-0.13363,-0.18816,0.59966,-0.28291,0.36177,0.64192,0.70615,0.25197,0.075243,0.57495,-0.98364,0.70618,-0.54087,0.99206,0.68084,-0.98459,-0.30971,-0.074658,-0.32025,-0.37818,-0.18544,0.84171
0.85663,0.26214,0.78584,-0.64629,-0.028697,-0.39836,0.0076802,0.04756,-0.44225,0.16038,0.51029,-0.41908,-0.56064,0.57778,0.46755,0.72319,0.95169,0.94029,0.32794,-0.81038,0.96906,0.66238,0.87023,-0.40165,-0.23354,0.45836,0.04463,-0.73594,0.2025,0.00080155,0.65679,-0.41208,-0.82826,0.85046,-0.4789,-0.76067,0.37825,0.93953,-0.88192,-0.72429,-0.28963,0.074643,-0.42048,0.20878,0.32121,-0.73131,0.56351,0.097449,-0.14184,-0.3462,-0.0762,-0.65118,-0.20312,0.86339,0.63674,-0.4496,-0.32501,0.23124,-0.41714,-0.24091,-0.86511,-0.029556,0.65408,0.85243
0.16018,-0.82022,0.40645,0.91477,0.7889,0.87882,0.22562,-0.47025,0.49323,0.061929,0.48481,-0.19489,-0.080716,-0.8152,-0.12566,0.42347,0.11089,-0.56966,-0.22161,-0.098073,0.77185,0.84468,-0.20187,0.062253,0.72267,0.87512,-0.20529,0.2366,-0.35762,-0.13447,-0.77982,-0.94628,0.062359,-0.56822,-0.83036,0.7732,0.43576,-0.22641,-0.23794,0.25962,0.7604,-0.58998,0.26376,-0.81039,0.039873,0.99719,0.61473,-0.96892,0.85132,-0.37779,0.66822,0.43998,-0.024455,0.12837,-0.27911,-0.93297,-0.14113,-0.28485,0.40706,-0.81354,0.30698,-0.47567,-0.70406,-0.38012
-0.96603,-0.83828,0.11148,-0.46936,-0.72491,0.96181,0.63884,-0.86329,-0.52614,0.80242,0.66226,0.72411,0.91707,-0.52426,-0.24032,0.74563,0.69261,0.52069,0.48002,0.28015,-0.57233,-0.34595,-0.89558,-0.99707,-0.072182,0.034509,-0.04178,-0.23396,-0.43141,0.80856,-0.44155,-0.81339,0.77713,-0.99798,-0.40373,0.94058,0.11806,0.98686,0.44474,0.71403,0.24906,-0.13192,-0.40916,-0.32804,-0.33653,0.027042,-0.46989,-0.81063,-0.25384,0.29216,0.99234,-0.53599,0.23627,-0.20235,0.0030481,-0.6958,0.58756,0.29766,0.86816,-0.48171,-0.51143,0.36622,0.46583,-0.84705
-0.75828,0.55448,-0.63113,0.84916,-0.21999,-0.42676,0.063778,-0.12735,0.91469,0.081101,-0.687,0.22948,0.58009,-0.5127,0.95931,0.876,-0.18387,0.16821,0.63527,-0.73592,-0.93074,0.60814,0.14237,0.76758,0.1411,0.80614,0.98781,0.98239,-0.12937,0.26037,0.53527,0.59577,-0.47267,0.81321,0.83426,0.88505,0.066708,-0.34721,-0.80976,0.7996,0.24803,-0.71558,0.24406,-0.71032,0.86835,-0.22431,0.7918,0.029517,0.39649,-0.13262,0.94449,-0.58573,-0.85998,-0.11679,0.49535,-0.040808,-0.71687,0.69195,0.18835,-0.32833,0.51584,0.82237,-0.70022,0.56176
0.72542,0.81027,-0.57594,-0.55246,0.85471,0.60164,-0.59585,-0.65229,0.24052,-0.13604,-0.085383,0.98238,-0.096251,-0.79036,-0.20201,-0.72062,-0.075964,-0.1941,0.20069,-0.094355,-0.097752,0.076501,0.49534,-0.19123,0.39061,-0.56361,0.20896,-0.42635,0.80752,0.96607,-0.56789,0.42281,-0.53043,0.36008,-0.058964,0.27626,0.75145,-0.72568,0.33438,-0.30326,-0.40852,-0.24883,-0.90493,-0.51024,-0.50705,-0.50029,0.21597,0.90497,0.17725,-0.79423,0.49186,-0.56774,-0.71462,0.40336,0.6637,0.77768,0.2162,-0.79729,0.18618,-0.24978,-0.40197,0.141,0.67686,-0.73851
-0.031407,0.067544,-0.84531,-0.25287,0.83499,0.79222,-0.092213,-0.94779,0.20052,0.085334,0.2362,-0.5926,-0.33314,0.71671,-0.11963,-0.2122,0.65261,0.020081,-0.83001,0.3044,-0.97241,-0.07341,-0.35951,-0.39759,0.92183,0.74644,0.88982,0.41238,0.85021,0.1704,-0.93188,0.56681,0.67931,0.029904,-0.46106,-0.81882,-0.2138,-0.23049,-0.4072,-0.02738,-0.85064,0.58712,0.98922,-0.24206,0.022413,-0.2705,-0.9712,0.68612,-0.79827,-0.5277,-0.60009,0.95334,0.30845,-0.47991,-0.21106,-0.43316,0.86126,0.1766,0.47746,-0.70748,-0.16237,-0.46944,0.090734,-0.077036
0.68971,-0.78169,0.8276,-0.825,0.42715,0.19505,-0.14418,0.90936,-0.65479,0.42483,0.86437,0.65442,-0.88181,0.3964,-0.68638,0.96113,0.98241,-0.0087116,0.84472,0.654,-0.052579,0.6415,-0.014131,0.90116,0.092626,-0.83461,-0.019116,0.070412,0.010585,0.68127,-0.1269,0.24785,-0.0089199,0.044138,0.52594,-0.85058,-0.083866,0.12527,0.19713,0.35903,-0.41259,0.62563,-0.58647,-0.45936,0.48064,-0.20188,-0.31194,0.87002,-0.17521,0.94357,-0.92734,-0.2363,-0.56336,-0.94294,-0.80673,0.56825,0.27289,0.16476,-0.25471,-0.36646,-0.88834,0.85694,0.92234,-0.11966
-0.58119,0.65162,0.41343,0.28023,0.23667,0.76803,0.93211,-0.13881,-0.81931,-0.96665,0.67018,0.35172,0.48181,0.46748,-0.34793,0.28959,0.047895,0.30274,-0.8928,-0.38385,0.90239,0.90381,-0.55669,-0.078704,0.27315,-0.069193,-0.12411,-0.61358,0.25516,-0.062372,0.87373,0.65083,-0.69527,-0.79416,0.54434,-0.6351,-0.58351,0.26767,-0.6963,0.40824,-0.53052,0.80758,0.21473,-0.5688,-0.49166,0.8526,0.067329,0.94683,0.84942,0.39779,-0.62279,0.27058,-0.76174,0.89593,-0.46922,-0.65921,-0.90446,0.043608,-0.093459,-0.43755,-0.93829,-0.87151,-0.84901,0.21
0.10458,-0.3238,0.11558,-0.63877,-0.31342,0.88746,0.24011,0.92312,-0.48948,0.60184,0.79085,-0.5021,0.013589,0.30106,-0.37188,0.79282,0.85087,0.48741,0.05405,-0.19527,-0.5021,-0.84745,0.87855,-0.4247,0.14178,-0.95614,0.54531,0.37887,0.43853,0.090445,-0.47582,-0.92995,-0.53846,0.99376,-0.9574,-0.93662,0.51455,0.083213,-0.12725,-0.078232,-0.30821,0.080751,-0.30474,0.26746,0.69117,-0.0090541,0.25553,-0.25495,-0.8889,0.3189,0.15509,-0.90687,-0.91373,0.99234,0.58389,0.46259,0.39669,-0.0908,0.018751,0.64025,-0.62684,0.2526,0.86767,-0.74596
0.25977,-0.41205,-0.37314,-0.9099,0.87205,0.098316,0.39078,0.52483,0.71714,-0.71498,0.16504,-0.048429,-0.60015,0.032541,0.789,-0.035539,0.47804,-0.39609,-0.76229,0.76846,-0.22715,0.41734,-0.035389,-0.83075,0.85422,0.61656,0.48813,-0.89909,-0.95217,-0.64179,0.13949,-0.18905,0.31591,-0.28206,0.75997,0.44987,0.093384,-0.37001,-0.97464,-0.27146,0.69698,0.63573,0.43547,0.59943,0.076309,0.21837,-0.10653,-0.3582,-0.2319,-0.34781,0.25654,-0.53586,-0.66888,0.55897,0.87372,-0.50676,-0.48578,0.9334,0.85742,-0.31582,-0.45819,0.89656,-0.28115,0.19809
-0.93602,0.49263,-0.66759,0.44635,-0.75045,0.45677,0.44033,-0.9853,0.82213,-0.043051,0.16549,-0.20185,-0.14561,-0.34722,-0.50595,-0.97181,0.13486,-0.82078,-0.23971,0.40116,-0.13713,-0.53015,0.079992,0.16436,0.72753,-0.64158,-0.11419,-0.63113,0.14987,0.26892,-0.28089,-0.50066,0.1259,0.25049,0.59634,-0.71168,-0.28522,-0.68135,-0.54195,-0.43947,-0.67927,0.41683,-0.94401,-0.58297,0.82027,-0.99038,0.62221,0.5665,-0.51872,-0.96036,-0.27045,0.74968,0.022212,0.9788,0.13652,-0.83632,0.3818,-0.63539,-0.098424,0.744,-0.86751,0.032787,-0.86614,-0.73575
0.22943,-0.97933,0.24499,-0.30512,0.46117,0.15352,-0.30621,0.36008,0.39927,-0.48633,0.70985,0.19888,-0.66262,0.32355,-0.37864,0.24576,0.93756,0.65193,0.62567,-0.51626,0.66177,-0.20221,-0.55789,-0.69386,-0.66032,-0.66922,-0.894,-0.90868,-0.90693,0.92592,-0.94632,-0.038206,-0.41634,-0.21327,-0.35167,0.27185,0.402,-0.69477,-0.47264,-0.84759,-0.68427,-0.91358,-0.86632,0.79251,-0.29859,0.17546,-0.71034,-0.57556,-0.54438,0.14095,0.27312,-0.079715,0.73454,-0.024894,0.87604,0.70582,-0.27364,0.11878,0.27487,-0.46394,-0.33301,0.91341,0.93187,-0.76933
-0.27518,-0.90311,0.97587,0.32123,0.29295,-0.94829,0.033981,0.4119,0.45036,-0.26182,-0.93027,0.60105,0.50339,-0.76487,-0.18226,-0.53781,0.649,-0.22083,-0.51181,0.51966,0.64929,-0.46375,-0.80811,-0.85381,-0.6426,-0.63679,-0.82436,0.77008,-0.15494,0.068028,0.00083838,0.76168,0.24461,-0.98468,0.33809,0.5797,-0.78156,-0.7261,0.02277,-0.11075,0.017319,-0.70811,0.85413,0.49142,0.87065,0.55492,0.94966,0.9183,-0.28576,-0.92733,0.78259,-0.99387,0.53252,-0.74403,0.1945,0.3731,0.083768,0.25295,-0.081272,0.55086,-0.90019,-0.45596,0.29891,-0.11785
-0.90093,0.33583,-0.65914,-0.23226,0.6663,-0.10694,0.11339,0.29026,-0.54023,0.32353,0.77084,-0.78986,-0.2633,-0.70437,0.41602,0.054868,0.91922,0.55061,0.76885,-0.41815,-0.094003,0.66503,-0.87967,0.16113,-0.51299,0.38287,0.59597,0.67959,-0.064531,-0.040771,0.65403,-0.43863,0.43181,0.09057,-0.40741,0.13251,-0.98678,0.41961,-0.56983,-0.66859,0.2066,-0.53333,-0.82446,0.072772,0.85544,0.31437,0.66752,0.86047,0.84821,-0.47051,-0.49296,-0.070117,-0.7301,-0.071265,0.9759,0.91622,-0.55572,-0.93974,0.10755,0.21842,-0.79738,0.05398,-0.15877,-0.4578
-0.02086,0.20694,-0.48442,0.25469,-0.20344,0.2926,-0.68701,0.10462,0.15211,-0.66078,-0.18454,0.64288,0.88364,-0.96047,-0.71272,0.44998,0.29269,-0.64126,0.42529,-0.44512,-0.23888,0.99075,0.63902,-0.42597,0.50356,-0.57247,0.31116,-0.76369,-0.95474,0.58733,-0.48204,0.19829,-0.43854,0.018221,0.8599,-0.24517,0.1946,-0.070271,-0.30778,-0.2025,-0.67721,-0.5066,-0.3352,0.93993,0.1754,0.056629,-0.3198,-0.26854,0.0049967,-0.61868,-0.42728,0.64814,-0.87016,0.48518,0.5247,0.97011,0.81097,0.28455,-0.91753,-0.96406,-0.85626,0.82238,0.19288,0.88821
-0.61498,0.052205,-0.2064,-0.9567,0.49964,0.042406,0.12411,-0.56378,0.62126,-0.44243,-0.92724,0.68217,-0.96565,0.92858,0.74264,0.21483,-0.24085,-0.78128,-0.2437,-0.98778,0.85174,0.2995,0.54296,-0.27616,-0.60173,-0.40379,-0.93533,-0.17917,-0.86985,-0.81457,-0.90823,-0.94755,-0.17545,-0.50644,-0.43608,0.64317,0.31835,-0.77346,0.49563,0.84117,0.27091,-0.65943,0.052362,0.12977,-0.79648,0.65155,0.23248,-0.31018,0.60648,-0.1014,-0.74916,0.74377,0.34489,0.34678,-0.62877,0.069445,-0.25292,0.67632,0.6044,0.40302,0.80903,-0.57063,-0.30582,0.033286
-0.75383,0.45942,-0.85201,0.82114,0.67044,-0.25537,0.38961,0.54473,-0.19231,-0.60356,0.4923,-0.29099,0.65811,0.94075,-0.83369,0.17673,-0.046851,0.81032,-0.50216,-0.25058,0.48169,0.40791,-0.60861,0.44965,0.96588,0.53667,0.11413,-0.75954,0.84791,0.7616,-0.50706,-0.6896,-0.27559,-0.90921,-0.66224,-0.39024,0.16001,0.40176,-0.17276,0.022669,0.68788,-0.52989,-0.50672,-0.56462,-0.26625,0.92487,-0.39249,0.38536,-0.29946,0.53731,0.057148,-0.39785,-0.035586,0.74796,0.03354,0.81196,-0.84237,-0.20973,0.34302,-0.9685,-0.3764,0.65357,-0.56475,-0.10942
-0.58901,0.41451,0.36819,0.60112,-0.35508,0.87427,-0.14709,-0.54394,0.97688,-0.60986,-0.69034,-0.13986,0.25318,-0.75228,-0.076524,-0.13313,0.82378,0.7527,-0.49429,-0.12613,0.47527,0.86461,0.79024,0.71662,0.41928,0.0023002,0.4396,0.14419,0.068286,-0.99225,0.32146,0.66782,0.56278,0.68346,0.49033,-0.36125,0.8199,-0.64003,-0.88849,0.82828,0.56454,-0.44908,0.085799,0.71553,-0.44831,-0.37253,-0.82156,0.43321,-0.082635,0.25587,0.64153,-0.52799,-0.0091642,0.5165,0.2803,-0.046703,-0.93814,-0.12532,-0.59934,0.36779,0.18354,-0.72334,-0.92432,-0.38282
-0.70697,0.56275,-0.19522,0.49169,0.10452,0.65907,0.67254,-0.25827,-0.82,-0.34632,-0.71218,0.14448,0.077493,-0.06518,-0.93922,-0.51165,-0.97029,0.99959,0.53449,-0.3914,0.89383,0.37531,0.3686,-0.30417,-0.64913,0.81893,-0.77918,0.89878,-0.26641,0.023058,-0.34118,-0.61021,-0.72903,-0.9035,-0.045731,0.56996,0.27201,0.60734,-0.21994,-0.81613,-0.47087,0.90321,0.56174,0.724,-0.4678,0.59417,0.043052,0.60069,0.90219,-0.3706,-0.40045,0.66316,-0.37303,0.23435,0.7379,0.77934,0.2538,-0.83023,-0.97083,0.7558,-0.24475,-0.1245,-0.69315,-0.060805
-0.62186,-0.42405,0.96567,0.62623,0.95826,0.69817,0.46277,0.78186,-0.35812,0.76068,0.21192,0.40165,0.30102,0.31339,0.5064,-0.14208,-0.68661,0.72851,-0.90028,-0.41828,0.020199,0.13671,0.31369,0.92349,0.71659,-0.88429,-0.56671,-0.48723,-0.27211,0.35693,0.31899,0.65958,0.80414,-0.36736,0.30689,0.0074729,0.051123,0.027912,-0.051032,0.98607,-0.3706,-0.30666,0.043765,-0.3734,-0.54692,-0.42965,0.65058,0.18734,-0.73403,-0.41591,0.57536,-0.12449,-0.353,-0.45037,0.20024,-0.9523,0.87399,0.16275,0.52633,-0.13639,0.90313,0.75057,-0.25324,0.55889
-0.9147,0.38506,-0.19563,-0.23339,0.098617,-0.25493,-0.27994,0.71275,0.022818,-0.057796,-0.49104,0.48494,0.45326,-0.41963,0.40009,-0.97965,-0.056864,-0.92624,0.37058,-0.51497,0.58376,-0.2383,0.98076,0.90714,0.81882,-0.1265,0.62204,0.97973,-0.69725,0.1315,-0.97399,-0.32385,-0.42073,0.56684,0.93315,-0.47801,-0.48075,0.096877,0.65064,-0.80713,-0.63361,-0.40536,0.8639,-0.34603,-0.99736,-0.97021,0.52785,-0.80565,-0.85939,-0.84352,-0.12597,0.014175,0.8182,-0.32724,0.99934,-0.74255,-0.36013,0.74336,0.13502,0.26269,0.48479,0.40862,0.75363,-0.66237
0.2704,0.11334,0.24134,0.23456,-0.33915,0.18637,-0.091575,-0.19513,-0.87879,-0.19206,-0.35169,0.51577,-0.81102,0.50907,-0.57098,0.21764,0.085983,0.089365,0.24056,0.87337,-0.095653,0.26916,-0.93262,-0.58793,0.92333,0.14451,-0.72268,-0.30038,-0.70078,-0.043083,0.43614,0.34223,-0.00088415,0.9448,-0.37395,0.46495,-0.89766,-0.58431,-0.39271,-0.37371,-0.10505,-0.19115,-0.70578,0.68003,0.78601,-0.8117,0.89528,0.11902,0.41216,-0.65611,0.10108,-0.62905,-0.099327,0.67145,-0.74165,0.48128,0.49035,-0.58619,0.30843,0.17208,0.77419,-0.0059556,-0.1177,-0.9551
-0.43627,-0.20696,-0.69126,0.15099,0.23894,0.74511,-0.22722,-0.36396,0.45138,-0.64154,-0.19642,-0.22174,0.75515,0.11624,0.35981,0.91595,-0.88062,0.99523,0.49337,0.72038,0.6984,-0.27354,-0.15149,0.53649,0.1412,0.13013,0.7638,-0.58296,-0.2984,-0.35897,-0.21776,-0.89527,0.56718,0.17293,-0.84712,-0.6741,0.4639,0.56918,0.64358,0.57075,-0.34664,-0.39553,-0.16647,-0.014934,-0.093005,-0.34255,-0.33291,-0.91382,0.86341,0.44256,0.97223,-0.697,0.49727,-0.22823,-0.41326,-0.21796,-0.42214,-0.81078,0.26948,-0.54518,0.19779,0.21919,0.27554,0.41746
0.077193,-0.87682,-0.23731,0.060103,-0.27873,0.867,0.55111,0.21727,0.11311,0.93785,-0.18725,-0.1414,-0.97128,-0.14441,0.11459,-0.80911,0.31606,0.022016,0.95451,-0.20554,-0.21914,-0.18476,-0.020033,0.23106,0.12576,0.64763,0.84711,0.33165,-0.32807,0.20316,-0.93299,0.46862,0.35412,0.55609,0.58283,0.84215,-0.67142,0.052979,0.13136,0.2048,-0.44037,0.51462,-0.43941,-0.8962,0.15684,-0.38887,-0.22052,0.51526,-0.7822,-0.8211,0.37956,0.81361,-0.62949,-0.83931,-0.046241,-0.21274,-0.75129,-0.6241,0.46866,0.56931,0.37926,-0.84434,-0.22439,0.2103
0.39033,0.56035,-0.67773,-0.44986,0.51302,0.33693,0.46854,0.82039,0.05872,-0.18509,-0.22762,0.91269,-0.41139,-0.46561,0.70136,-0.92882,0.77927,0.74702,-0.23217,-0.041162,0.47675,-0.2626,0.16701,0.83784,-0.64668,-0.7478,-0.97449,0.94669,0.56806,0.82631,-0.18797,-0.0010364,-0.70038,0.45539,-0.26923,-0.55555,-0.43921,0.14205,-0.89124,-0.068183,0.86353,-0.28051,0.1962,0.55604,-0.36879,-0.96396,-0.69917,0.3193,0.30339,0.83562,0.94027,0.9855,-0.83016,0.73117,-0.74084,0.2037,0.028162,0.33567,0.77465,-0.42473,-0.21777,-0.51713,0.67439,-0.17264
-0.001768,-0.32483,0.51622,-0.50274,-0.1722,-0.58645,-0.13944,0.8182,0.65996,0.68897,0.2196,0.14594,-0.64017,0.50747,0.11713,0.77247,-0.78073,-0.85956,-0.47959,0.12999,0.95288,-0.063202,-0.83346,0.20507,0.027358,-0.39977,-0.24568,0.2454,-0.026522,0.36504,0.43262,0.8866,0.39324,0.30197,0.1702,-0.83278,-0.48115,-0.15592,-0.47997,-0.40374,-0.20062,-0.7502,-0.92705,-0.14666,0.98803,-0.67559,-0.33259,0.19892,-0.70788,-0.14065,-0.80807,-0.21984,-0.58594,-0.12925,-0.54375,-0.95223,-0.22498,0.46484,0.33182,0.84875,-0.55345,-0.94843,0.53263,0.82954
0.071602,0.21573,0.74222,-0.096722,-0.01531,0.3077,0.38751,0.18319,0.71752,0.23065,-0.66622,0.69944,0.85259,0.79675,0.80355,-0.50612,-0.12445,0.97508,0.75494,-0.020761,0.046598,0.0068277,0.32031,0.40428,0.096944,-0.99576,-0.66438,-0.87292,-0.070404,0.89347,0.84267,-0.42046,-0.74197,0.32923,-0.63333,-0.8526,0.094192,0.44231,0.17821,-0.73365,-0.24115,0.23437,-0.87263,-0.44008,0.96779,-0.11202,0.10736,-0.54601,0.38793,-0.84055,0.79618,0.65362,0.11783,-0.65584,-0.63786,-0.22466,0.95722,0.26202,-0.75865,-0.40305,-0.73748,0.69295,-0.74883,-0.045638
-0.10963,0.48251,-0.29845,-0.54457,0.38949,-0.8559,0.89043,-0.33486,0.57806,-0.24678,-0.62382,-0.44731,-0.86364,0.45689,-0.16096,-0.98217,-0.43954,0.84543,0.61219,-0.46038,-0.14017,0.82107,-0.89539,0.48735,-0.66945,0.90221,0.080446,-0.25298,-0.73749,-0.80182,0.96803,-0.24688,0.89189,0.87756,-0.84616,0.5391,0.082537,-0.85372,-0.040533,-0.40998,0.18569,-0.28896,-0.35423,-0.33298,0.9291,0.53354,0.10059,0.42743,0.25123,0.14429,-0.88311,0.90812,0.3234,-0.99141,0.34403,-0.88651,-0.41636,-0.063588,0.42747,0.072606,-0.65504,-0.97027,-0.81468,0.83244
-0.75214,-0.79037,0.37107,0.6089,0.94547,-0.18655,0.56847,0.70613,-0.36433,0.75436,-0.81074,0.24465,0.16219,-0.18634,-0.28374,0.62984,0.97049,0.12852,-0.077758,0.97948,-0.58568,-0.58714,0.11366,-0.2298,-0.012214,0.5326,-0.79668,-0.6675,0.77278,0.022058,0.96684,-0.77249,0.77282,0.070163,-0.69267,0.63535,0.57623,0.18972,-0.6027,-0.66675,-0.86299,-0.27412,-0.80324,-0.26612,0.33253,0.36251,-0.67916,0.449,-0.91255,0.66354,-0.75336,0.78768,0.87843,0.30499,-0.34843,0.37914,0.18469,-0.37128,-0.10555,-0.33271,0.8772,0.10083,0.32064,-0.0061865
-0.019285,-0.74422,-0.4117,0.97221,-0.34449,0.33386,0.41114,-0.1152,-0.095585,0.5697,-0.35363,0.17672,0.2743,0.87663,-0.022025,-0.719,0.21752,-0.13708,-0.81808,-0.63265,-0.3532,-0.32279,0.42405,-0.49699,0.070235,0.50261,-0.92146,-0.53744,0.34911,-0.77974,0.79261,0.9297,0.030009,-0.20312,0.65375,0.48085,0.73921,0.72395,-0.52197,-0.36579,-0.58952,-0.86302,-0.65991,0.58958,0.45232,0.42907,-0.76582,-0.31156,0.59585,-0.30526,0.26145,0.68201,-0.91951,-0.26062,0.58118,0.040782,0.14271,0.28293,0.28196,-0.52541,-0.93104,-0.76066,-0.24466,0.85511
0.706,0.09908,0.061259,-0.94002,0.67561,0.86745,-0.78133,0.80871,0.50446,-0.070091,0.53919,0.92694,0.30254,-0.48915,-0.48808,0.75973,-0.4925,-0.32431,0.12854,0.72331,-0.77826,0.14825,-0.024179,-0.92648,-0.60239,-0.72227,0.86646,-0.89558,0.67032,0.090524,0.73141,-0.13498,0.35882,0.34092,-0.39809,0.5165,0.57508,-0.1024,0.56039,-0.78032,0.44724,0.73432,-0.25767,-0.92262,-0.33191,-0.080438,-0.2029,-0.9345,0.97242,0.55978,-0.25979,0.36657,-0.67268,-0.2478,0.092028,-0.84783,0.23171,0.12405,0.29779,0.090478,0.75911,0.1759,-0.78442,0.4073
0.74785,-0.029541,0.66485,0.071328,0.47814,0.6219,-0.22014,-0.93364,-0.78028,0.62795,-0.53176,-0.82819,0.72924,0.066326,0.85834,-0.80925,-0.73477,0.44145,-0.62523,-0.93473,-0.24958,-0.026135,0.2352,-0.055754,0.24634,-0.30136,0.94318,0.80351,0.31298,0.37757,0.60192,-0.83087,0.95359,-0.11893,-0.23223,0.92239,0.93886,0.30515,0.23462,0.66418,0.1503,-0.084208,-0.92048,0.45334,0.045546,0.83854,0.66277,0.68723,-0.12651,0.41668,-0.36086,-0.65641,-0.12375,-0.11732,-0.53889,-0.18748,0.12183,0.32745,0.35675,-0.78463,0.044655,0.24442,0.24762,0.38928
-0.45941,0.78095,0.19498,-0.82585,0.90835,-0.030903,0.18181,0.064853,-0.78052,0.79689,0.48073,0.00099778,-0.88809,0.90951,-0.066486,-0.29488,0.09001,-0.97269,0.063379,-0.33608,-0.34019,-0.47556,-0.57244,0.29014,-0.94737,-0.69732,-0.27814,0.58658,0.96783,-0.70517,0.10996,0.43335,-0.74908,-0.73425,0.3015,-0.06715,-0.63906,-0.39305,-0.71174,0.94319,-0.59953,-0.84477,0.41848,0.74537,-0.45329,0.97789,-0.63,0.5406,-0.3105,0.18188,0.59139,-0.5249,-0.34866,0.032248,0.37352,-0.13957,-0.44028,-0.75025,-0.88234,-0.72569,0.61649,0.49404,0.2432,-0.99081
-0.58308,0.59792,-0.32938,0.60418,-0.93615,0.5135,-0.08124,0.43299,-0.46023,-0.14152,0.38564,0.043179,0.63371,-0.4645,-0.49198,0.18684,0.65561,-0.25188,-0.28993,0.49749,-0.31579,0.15919,0.29132,-0.44206,-0.36242,-0.0065586,0.28841,-0.25397,0.95958,0.55512,-0.16226,0.013575,0.50449,-0.12159,0.63474,0.57399,0.8612,0.21488,0.43226,-0.56346,0.68696,0.80984,0.28268,-0.42837,0.43676,0.8652,0.0015715,0.019293,-0.90239,-0.24601,-0.39659,-0.13143,-0.82014,-0.39977,-0.90183,0.31862,-0.6963,0.34805,-0.55209,-0.81115,-0.10484,-0.38014,0.82325,0.080439
0.12996,0.46868,-0.40155,0.97829,-0.28626,-0.16591,-0.89932,-0.6414,0.049275,-0.33134,0.64816,-0.81967,0.057845,-0.49983,-0.13756,0.17036,0.67401,0.84537,-0.37043,0.28873,0.63424,0.75666,-0.23872,0.035722,0.065999,0.6173,-0.86411,0.66411,-0.49969,-0.2019,-0.74575,-0.34382,0.6541,0.095285,0.53253,-0.15486,-0.9097,-0.4422,-0.19699,0.41216,-0.15254,-0.43661,-0.65188,0.3137,0.55604,-0.076953,-0.74737,0.41393,-0.54959,-0.21235,0.21492,-0.94988,0.62064,-0.043356,0.1452,-0.56322,0.46603,0.36062,-0.66404,-0.37823,-0.30692,0.83301,0.21226,-0.17406
0.28062,-0.89734,-0.094815,-0.86611,0.32531,0.94357,-0.54262,-0.32693,0.9453,0.19329,0.65596,0.80933,0.3887,0.85535,0.40506,0.33536,0.6667,0.092959,0.45348,-0.66152,0.063371,-0.8781,-0.79257,-0.50867,-0.34645,0.26574,-0.58418,0.50767,0.24914,0.7966,0.30924,0.50705,0.56286,-0.20973,-0.25165,0.88746,-0.51871,0.59912,-0.075229,-0.92197,0.089502,0.22776,-0.8757,-0.53623,-0.83787,0.80984,0.72926,0.58235,0.16203,-0.14338,-0.076056,-0.46271,-0.20088,-0.98751,0.98752,-0.83782,-0.9206,0.86024,0.85706,0.62527,0.5143,0.56453,-0.029309,0.25626
-0.16594,-0.85423,-0.15471,0.8788,-0.437,0.97595,0.66838,-0.62457,0.42082,0.80398,-0.41326,0.76878,-0.57519,-0.86284,-0.19534,0.29605,-0.59257,-0.052226,0.031546,0.90441,0.042244,-0.11825,-0.24498,-0.40498,0.20438,0.3768,-0.92079,0.24373,0.45648,-0.38591,0.72793,0.67201,-0.61823,-0.20346,-0.62028,-0.99737,-0.98229,0.59234,0.41456,0.23259,0.055935,0.32372,-0.18668,0.24391,-0.55684,-0.2271,0.53329,-0.33866,0.20275,-0.15395,-0.41481,0.96032,0.31063,-0.65713,-0.27406,-0.064657,0.60324,0.65764,0.030462,0.027115,-0.27957,-0.79791,0.15348,0.087071
-0.58805,-0.82295,-0.28079,-0.96364,-0.53923,0.7283,-0.96871,-0.35615,-0.37628,0.40413,-0.38126,-0.12202,0.08656,-0.4012,-0.63632,-0.13326,0.088835,-0.0069254,0.58129,0.08654,0.54862,-0.83148,-0.47428,0.30095,-0.27613,0.27914,-0.061281,-0.21181,-0.0036594,-0.8779,-0.4508,-0.49257,-0.14272,0.5027,0.293,0.96254,0.34319,0.90817,-0.19758,0.33873,-0.62978,-0.59995,-0.073874,-0.84975,-0.59208,0.20603,0.12871,0.82735,-0.49496,-0.56215,0.66484,-0.37462,0.13369,-0.39289,0.11744,0.45734,-0.18717,-0.6438,0.34673,0.73295,0.11321,-0.43779,0.9642,-0.568
0.89587,0.5967,0.11664,0.36768,0.42226,-0.22223,0.72742,-0.19229,-0.41709,-0.24509,0.04606,0.56345,0.40504,0.18317,0.7125,-0.72048,0.74989,-0.38206,-0.59101,-0.49717,-0.75947,0.12648,-0.51743,0.78279,-0.73016,0.45864,-0.69981,-0.28144,0.69966,-0.56106,0.68033,0.06885,-0.97109,0.044701,-0.99279,0.14039,0.80963,-0.11132,-0.97123,-0.9256,-0.83662,0.91997,-0.59465,0.93351,0.2482,0.12064,-0.22086,0.15341,0.30868,-0.0064707,0.14105,0.1435,-0.99376,0.48893,0.85456,0.22797,0.66002,0.89848,0.3356,0.96097,0.77744,0.81501,0.037137,0.10421
-0.83586,0.88602,0.48509,0.56747,0.24915,-0.090516,-0.84386,0.097133,0.70071,0.46991,-0.3494,-0.70307,0.91287,-0.5934,0.1684,0.50386,-0.758,0.90168,0.35621,0.15714,0.2509,0.078621,0.24585,0.72221,0.82763,0.71969,0.98261,-0.8223,-0.61816,-0.83433,-0.85849,-0.12967,-0.34943,-0.019134,-0.43422,-0.30706,0.14483,-0.086234,-0.85072,-0.99333,-0.071813,0.33021,0.7391,0.21994,0.45041,0.69168,-0.019725,-0.42418,-0.87981,-0.92026,-0.85898,0.22333,0.3027,0.16179,-0.48025,0.8012,0.94207,-0.60075,-0.83708,-0.34669,0.68033,-0.77783,-0.3026,0.7255
